Date,Start (ET),Visitor_Team,Visitor_PTS,Home_Team,Home_PTS,visitor_FG,visitor_FGA,visitor_FG%,visitor_3P,visitor_3PA,visitor_3P%,visitor_FT,visitor_FTA,visitor_FT%,visitor_ORB,visitor_DRB,visitor_TRB,visitor_AST,visitor_STL,visitor_BLK,visitor_TOV,visitor_PF,visitor_TS%,visitor_eFG%,visitor_3PAr,visitor_FTr,visitor_ORB%,visitor_DRB%,visitor_TRB%,visitor_AST%,visitor_STL%,visitor_BLK%,visitor_TOV%,visitor_USG%,visitor_ORtg,visitor_DRtg,home_FG,home_FGA,home_FG%,home_3P,home_3PA,home_3P%,home_FT,home_FTA,home_FT%,home_ORB,home_DRB,home_TRB,home_AST,home_STL,home_BLK,home_TOV,home_PF,home_TS%,home_eFG%,home_3PAr,home_FTr,home_ORB%,home_DRB%,home_TRB%,home_AST%,home_STL%,home_BLK%,home_TOV%,home_USG%,home_ORtg,home_DRtg
"Sun, Dec 1, 2024",3:30p,Orlando Magic,100,Brooklyn Nets,92,34,74,.459,7,28,.250,25,32,.781,14,38,52,23,10,11,22,29,.568,.507,.378,.432,35.9,82.6,61.2,67.6,10.4,22.9,20.0,100.0,103.8,95.5,30,79,.380,8,31,.258,24,31,.774,8,25,33,19,10,3,17,31,.497,.430,.392,.392,17.4,64.1,38.8,63.3,10.4,6.5,15.5,100.0,95.5,103.8
"Sun, Dec 1, 2024",3:30p,Indiana Pacers,121,Memphis Grizzlies,136,43,90,.478,14,42,.333,21,26,.808,6,35,41,28,8,3,15,22,.596,.556,.467,.289,15.8,81.4,50.6,65.1,7.5,6.4,12.9,100.0,113.9,128.0,49,93,.527,16,46,.348,22,27,.815,8,32,40,36,9,6,10,22,.648,.613,.495,.290,18.6,84.2,49.4,73.5,8.5,12.5,8.7,100.0,128.0,113.9
"Sun, Dec 1, 2024",6:00p,Boston Celtics,111,Cleveland Cavaliers,115,38,95,.400,17,49,.347,18,19,.947,10,36,46,17,11,6,11,19,.537,.489,.516,.200,20.8,85.7,51.1,44.7,10.9,13.6,9.6,100.0,109.6,113.5,39,80,.488,17,36,.472,20,25,.800,6,38,44,22,5,7,18,20,.632,.594,.450,.313,14.3,79.2,48.9,56.4,4.9,15.2,16.5,100.0,113.5,109.6
"Sun, Dec 1, 2024",6:00p,New Orleans Pelicans,85,New York Knicks,118,35,94,.372,4,27,.148,11,17,.647,13,29,42,20,14,9,14,19,.419,.394,.287,.181,22.0,67.4,41.2,57.1,14.1,19.1,12.1,100.0,85.5,118.7,42,92,.457,20,45,.444,14,16,.875,14,46,60,30,10,9,17,14,.596,.565,.489,.174,32.6,78.0,58.8,71.4,10.1,13.4,14.7,100.0,118.7,85.5
"Sun, Dec 1, 2024",6:00p,Miami Heat,116,Toronto Raptors,119,39,88,.443,15,40,.375,23,28,.821,12,33,45,25,11,4,14,17,.578,.528,.455,.318,24.5,76.7,48.9,64.1,10.9,6.8,12.2,100.0,114.8,117.7,47,88,.534,10,29,.345,15,20,.750,10,37,47,30,4,5,16,23,.615,.591,.330,.227,23.3,75.5,51.1,63.8,4.0,10.4,14.2,100.0,117.7,114.8
"Sun, Dec 1, 2024",7:00p,Oklahoma City Thunder,116,Houston Rockets,119,42,94,.447,13,39,.333,19,25,.760,11,35,46,30,5,4,7,26,.552,.516,.415,.266,23.4,70.0,47.4,71.4,5.0,7.3,6.3,100.0,117.0,120.1,38,92,.413,13,37,.351,30,39,.769,15,36,51,20,3,6,10,21,.545,.484,.402,.424,30.0,76.6,52.6,52.6,3.0,10.9,8.4,100.0,120.1,117.0
"Sun, Dec 1, 2024",8:00p,Los Angeles Lakers,105,Utah Jazz,104,39,88,.443,7,33,.212,20,25,.800,10,32,42,23,7,4,5,18,.530,.483,.375,.284,21.7,80.0,48.8,59.0,7.6,10.3,4.8,100.0,114.3,113.3,40,79,.506,14,40,.350,10,16,.625,8,36,44,27,4,4,15,19,.604,.595,.506,.203,20.0,78.3,51.2,67.5,4.4,7.3,14.8,100.0,113.3,114.3
"Sun, Dec 1, 2024",9:00p,Dallas Mavericks,137,Portland Trail Blazers,131,48,87,.552,18,36,.500,23,29,.793,8,25,33,33,13,0,13,15,.687,.655,.414,.333,21.6,71.4,45.8,68.8,12.7,0.0,11.5,100.0,134.3,128.4,49,84,.583,18,31,.581,15,18,.833,10,29,39,29,7,0,21,25,.713,.690,.369,.214,28.6,78.4,54.2,59.2,6.9,0.0,18.6,100.0,128.4,134.3
"Sun, Dec 1, 2024",9:00p,San Antonio Spurs,127,Sacramento Kings,125,42,82,.512,23,46,.500,20,24,.833,8,30,38,32,6,9,16,17,.686,.652,.561,.293,21.1,58.8,42.7,76.2,6.1,13.0,14.7,100.0,130.0,127.9,47,101,.465,12,32,.375,19,24,.792,21,30,51,32,8,5,10,23,.560,.525,.317,.238,41.2,78.9,57.3,68.1,8.2,13.9,8.2,100.0,127.9,130.0
"Sun, Dec 1, 2024",10:00p,Denver Nuggets,122,Los Angeles Clippers,126,51,88,.580,10,24,.417,10,19,.526,8,31,39,37,7,3,14,17,.633,.636,.273,.216,21.6,70.5,48.1,72.5,7.0,5.9,12.7,100.0,121.4,125.4,43,90,.478,18,39,.462,22,27,.815,13,29,42,28,8,4,14,16,.618,.578,.433,.300,29.5,78.4,51.9,65.1,8.0,6.3,12.1,100.0,125.4,121.4
"Mon, Dec 2, 2024",7:30p,New Orleans Pelicans,112,Atlanta Hawks,124,44,100,.440,13,42,.310,11,17,.647,15,26,41,21,15,5,16,18,.521,.505,.420,.170,27.3,70.3,44.6,47.7,14.1,8.6,13.0,100.0,104.9,116.2,49,96,.510,10,38,.263,16,20,.800,11,40,51,30,12,4,18,15,.592,.563,.396,.208,29.7,72.7,55.4,61.2,11.2,6.9,14.7,100.0,116.2,104.9
"Mon, Dec 2, 2024",7:30p,Miami Heat,89,Boston Celtics,108,31,87,.356,8,35,.229,19,23,.826,11,33,44,24,6,1,10,11,.458,.402,.402,.264,21.6,70.2,44.9,77.4,6.4,2.9,9.3,100.0,94.4,114.6,39,89,.438,19,55,.345,11,13,.846,14,40,54,25,5,9,17,20,.570,.545,.618,.146,29.8,78.4,55.1,64.1,5.3,17.3,15.2,100.0,114.6,94.4
"Mon, Dec 2, 2024",8:00p,Brooklyn Nets,102,Chicago Bulls,128,38,95,.400,14,42,.333,12,15,.800,10,31,41,24,9,5,13,19,.502,.474,.442,.158,18.9,73.8,43.2,63.2,8.7,11.1,11.3,100.0,98.7,123.8,48,92,.522,16,47,.340,16,19,.842,11,43,54,33,8,5,17,16,.638,.609,.511,.207,26.2,81.1,56.8,68.8,7.7,9.4,14.5,100.0,123.8,98.7
"Mon, Dec 2, 2024",8:00p,Los Angeles Lakers,80,Minnesota Timberwolves,109,32,79,.405,6,31,.194,10,14,.714,9,30,39,19,8,2,21,16,.470,.443,.392,.177,20.0,81.1,47.6,59.4,8.4,4.3,19.8,100.0,84.5,115.1,41,81,.506,15,35,.429,12,15,.800,7,36,43,31,11,2,15,17,.622,.599,.432,.185,18.9,80.0,52.4,75.6,11.6,4.2,14.6,100.0,115.1,84.5
"Tue, Dec 3, 2024",7:00p,Philadelphia 76ers,110,Charlotte Hornets,104,38,82,.463,16,40,.400,18,20,.900,8,23,31,26,9,3,12,22,.606,.561,.488,.244,20.0,60.5,39.7,68.4,9.9,7.0,11.7,100.0,121.1,114.5,34,77,.442,13,34,.382,23,28,.821,15,32,47,22,5,3,19,17,.582,.526,.442,.364,39.5,80.0,60.3,64.7,5.5,7.1,17.5,100.0,114.5,121.1
"Tue, Dec 3, 2024",7:00p,Washington Wizards,87,Cleveland Cavaliers,118,32,83,.386,4,26,.154,19,25,.760,13,39,52,18,4,8,21,21,.463,.410,.313,.301,25.5,84.8,53.6,56.3,3.9,18.6,18.3,100.0,85.9,116.5,43,89,.483,16,46,.348,16,25,.640,7,38,45,31,11,4,11,20,.590,.573,.517,.281,15.2,74.5,46.4,72.1,10.9,7.0,9.9,100.0,116.5,85.9
"Tue, Dec 3, 2024",7:00p,Milwaukee Bucks,128,Detroit Pistons,107,45,80,.563,23,41,.561,15,21,.714,4,32,36,26,10,6,18,17,.717,.706,.513,.263,12.5,71.1,46.8,57.8,10.0,11.1,16.8,100.0,127.4,106.5,40,87,.460,11,33,.333,16,22,.727,13,28,41,22,11,7,18,21,.553,.523,.379,.253,28.9,87.5,53.2,55.0,10.9,17.9,15.7,100.0,106.5,127.4
"Tue, Dec 3, 2024",7:30p,Orlando Magic,106,New York Knicks,121,38,87,.437,9,39,.231,21,25,.840,9,29,38,20,9,4,16,19,.541,.489,.448,.287,20.9,85.3,49.4,52.6,8.7,8.0,14.0,100.0,102.2,116.7,43,85,.506,15,35,.429,20,20,1.000,5,34,39,30,6,4,19,25,.645,.594,.412,.235,14.7,79.1,50.6,69.8,5.8,8.3,16.8,100.0,116.7,102.2
"Tue, Dec 3, 2024",7:30p,Indiana Pacers,111,Toronto Raptors,122,38,84,.452,12,30,.400,23,28,.821,9,25,34,21,8,6,21,23,.576,.524,.357,.333,20.0,80.6,44.7,55.3,7.5,12.5,17.9,100.0,104.6,114.9,44,81,.543,13,33,.394,21,29,.724,6,36,42,28,9,4,21,26,.651,.623,.407,.358,19.4,80.0,55.3,63.6,8.5,7.4,18.3,100.0,114.9,104.6
"Tue, Dec 3, 2024",8:00p,Utah Jazz,106,Oklahoma City Thunder,133,38,70,.543,13,35,.371,17,22,.773,11,25,36,21,3,6,29,14,.665,.636,.500,.314,36.7,62.5,51.4,55.3,3.2,10.9,26.7,100.0,111.6,140.0,53,102,.520,17,47,.362,10,11,.909,15,19,34,32,18,3,8,23,.622,.603,.461,.108,37.5,63.3,48.6,60.4,18.9,8.6,7.0,100.0,140.0,111.6
"Tue, Dec 3, 2024",8:30p,Memphis Grizzlies,116,Dallas Mavericks,121,45,97,.464,13,40,.325,13,14,.929,13,26,39,27,15,3,19,29,.562,.531,.412,.144,27.1,65.0,44.3,60.0,14.0,6.1,15.6,100.0,108.2,112.9,39,81,.481,13,32,.406,30,44,.682,14,35,49,24,8,8,25,23,.603,.562,.395,.543,35.0,72.9,55.7,61.5,7.5,14.0,19.9,100.0,112.9,108.2
"Tue, Dec 3, 2024",9:00p,San Antonio Spurs,93,Phoenix Suns,104,35,100,.350,8,44,.182,15,20,.750,18,35,53,26,9,2,14,17,.427,.390,.440,.200,30.0,94.6,54.6,74.3,9.0,4.3,11.4,100.0,93.4,104.4,38,78,.487,11,32,.344,17,21,.810,2,42,44,26,10,5,14,16,.596,.558,.410,.269,5.4,70.0,45.4,68.4,10.0,8.9,13.8,100.0,104.4,93.4
"Tue, Dec 3, 2024",10:00p,Golden State Warriors,115,Denver Nuggets,119,44,95,.463,12,38,.316,15,21,.714,11,37,48,36,12,3,15,25,.552,.526,.400,.221,24.4,90.2,55.8,81.8,11.5,5.5,12.6,100.0,110.1,113.9,40,79,.506,11,24,.458,28,35,.800,4,34,38,32,9,5,15,15,.630,.576,.304,.443,9.8,75.6,44.2,80.0,8.6,8.8,13.7,100.0,113.9,110.1
"Tue, Dec 3, 2024",10:00p,Houston Rockets,111,Sacramento Kings,120,41,93,.441,14,39,.359,15,21,.714,18,35,53,14,6,1,16,23,.543,.516,.419,.226,42.9,77.8,60.9,34.1,6.2,1.6,13.5,100.0,115.6,124.9,47,91,.516,14,30,.467,12,20,.600,10,24,34,33,7,8,10,20,.601,.593,.330,.220,22.2,57.1,39.1,70.2,7.3,14.8,9.1,100.0,124.9,115.6
"Tue, Dec 3, 2024",10:30p,Portland Trail Blazers,105,Los Angeles Clippers,127,41,80,.513,10,29,.345,13,16,.813,11,18,29,25,6,4,18,15,.603,.575,.363,.200,31.4,62.1,45.3,61.0,6.6,8.3,17.1,100.0,115.6,139.8,47,85,.553,19,37,.514,14,17,.824,11,24,35,29,8,8,14,14,.687,.665,.435,.200,37.9,68.6,54.7,61.7,8.8,15.7,13.1,100.0,139.8,115.6
"Wed, Dec 4, 2024",7:30p,Detroit Pistons,120,Boston Celtics,130,43,84,.512,20,39,.513,14,18,.778,8,26,34,27,10,5,19,21,.653,.631,.464,.214,21.6,65.0,44.2,62.8,9.9,12.2,17.1,100.0,118.6,128.5,45,94,.479,21,53,.396,19,25,.760,14,29,43,30,11,7,16,14,.619,.590,.564,.266,35.0,78.4,55.8,66.7,10.9,15.6,13.2,100.0,128.5,118.6
"Wed, Dec 4, 2024",7:30p,Indiana Pacers,90,Brooklyn Nets,99,32,75,.427,8,33,.242,18,22,.818,5,34,39,20,6,10,16,19,.531,.480,.440,.293,12.2,82.9,47.6,62.5,6.2,22.2,15.9,100.0,93.3,102.6,35,81,.432,12,36,.333,17,23,.739,7,36,43,24,12,6,17,18,.543,.506,.444,.284,17.1,87.8,52.4,68.6,12.4,14.3,15.7,100.0,102.6,93.3
"Wed, Dec 4, 2024",7:30p,Los Angeles Lakers,93,Miami Heat,134,37,88,.420,5,22,.227,14,19,.737,12,24,36,29,9,4,13,8,.483,.449,.250,.216,23.5,64.9,40.9,78.4,9.4,9.3,11.9,100.0,97.3,140.3,52,90,.578,24,47,.511,6,9,.667,13,39,52,42,11,5,16,16,.713,.711,.522,.100,35.1,76.5,59.1,80.8,11.5,7.6,14.6,100.0,140.3,97.3
"Wed, Dec 4, 2024",7:30p,Orlando Magic,106,Philadelphia 76ers,102,41,84,.488,8,29,.276,16,21,.762,16,26,42,21,13,7,14,18,.568,.536,.345,.250,39.0,72.2,54.5,51.2,14.5,13.5,13.1,100.0,118.1,113.6,40,82,.488,11,30,.367,11,19,.579,10,25,35,23,9,1,14,19,.564,.555,.366,.232,27.8,61.0,45.5,57.5,10.0,1.8,13.4,100.0,113.6,118.1
"Wed, Dec 4, 2024",8:00p,Atlanta Hawks,119,Milwaukee Bucks,104,45,102,.441,9,32,.281,20,22,.909,15,39,54,29,16,3,14,25,.533,.485,.314,.216,31.9,83.0,57.4,64.4,15.4,9.1,11.1,100.0,114.9,100.4,33,78,.423,15,45,.333,23,35,.657,8,32,40,23,7,4,18,22,.557,.519,.577,.449,17.0,68.1,42.6,69.7,6.8,5.7,16.2,100.0,100.4,114.9
"Wed, Dec 4, 2024",10:30p,Minnesota Timberwolves,108,Los Angeles Clippers,80,41,85,.482,16,44,.364,10,18,.556,7,43,50,31,15,5,15,16,.581,.576,.518,.212,16.3,81.1,52.1,75.6,15.0,11.6,13.9,100.0,108.1,80.1,29,83,.349,11,40,.275,11,13,.846,10,36,46,13,7,2,23,16,.451,.416,.482,.157,18.9,83.7,47.9,44.8,7.0,4.9,20.6,100.0,80.1,108.1
"Thu, Dec 5, 2024",7:00p,Denver Nuggets,114,Cleveland Cavaliers,126,46,96,.479,6,24,.250,16,22,.727,9,40,49,25,12,5,16,13,.539,.510,.250,.229,19.1,81.6,51.0,54.3,11.0,10.9,13.1,100.0,104.2,115.2,47,94,.500,22,48,.458,10,16,.625,9,38,47,32,9,3,17,17,.624,.617,.511,.170,18.4,80.9,49.0,68.1,8.2,4.2,14.4,100.0,115.2,104.2
"Thu, Dec 5, 2024",7:00p,Dallas Mavericks,137,Washington Wizards,101,48,89,.539,20,38,.526,21,27,.778,13,45,58,27,8,12,16,16,.679,.652,.427,.303,32.5,78.9,59.8,56.3,7.8,20.3,13.7,100.0,133.6,98.5,39,99,.394,13,40,.325,10,15,.667,12,27,39,25,10,3,12,19,.478,.460,.404,.152,21.1,67.5,40.2,64.1,9.8,5.9,10.2,100.0,98.5,133.6
"Thu, Dec 5, 2024",7:30p,Charlotte Hornets,101,New York Knicks,125,40,89,.449,15,39,.385,6,10,.600,10,30,40,27,3,4,11,22,.541,.534,.438,.112,21.3,83.3,48.2,67.5,3.3,9.3,10.5,100.0,109.5,135.6,41,76,.539,18,33,.545,25,32,.781,6,37,43,29,7,4,9,13,.694,.658,.434,.421,16.7,78.7,51.8,70.7,7.6,8.0,9.1,100.0,135.6,109.5
"Thu, Dec 5, 2024",7:30p,Oklahoma City Thunder,129,Toronto Raptors,92,49,102,.480,17,47,.362,14,17,.824,13,42,55,28,15,11,6,16,.589,.564,.461,.167,25.0,77.8,51.9,57.1,14.6,24.4,5.2,100.0,126.0,89.8,32,90,.356,11,45,.244,17,20,.850,12,39,51,24,5,7,20,16,.466,.417,.500,.222,22.2,75.0,48.1,75.0,4.9,12.7,16.8,100.0,89.8,126.0
"Thu, Dec 5, 2024",8:00p,Sacramento Kings,110,Memphis Grizzlies,115,39,98,.398,8,35,.229,24,28,.857,14,32,46,19,11,1,13,23,.499,.439,.357,.286,25.9,78.0,48.4,48.7,10.4,2.4,10.5,100.0,104.4,109.1,38,80,.475,13,38,.342,26,32,.813,9,40,49,27,9,5,22,21,.611,.556,.475,.400,22.0,74.1,51.6,71.1,8.5,7.9,19.0,100.0,109.1,104.4
"Thu, Dec 5, 2024",8:00p,Phoenix Suns,124,New Orleans Pelicans,126,43,85,.506,17,45,.378,21,26,.808,10,36,46,32,10,3,17,15,.643,.606,.529,.306,23.8,75.0,51.1,74.4,9.7,5.1,15.0,100.0,119.9,121.8,47,95,.495,14,36,.389,18,25,.720,12,32,44,23,13,4,13,24,.594,.568,.379,.263,25.0,76.2,48.9,48.9,12.6,10.0,10.9,100.0,121.8,119.9
"Thu, Dec 5, 2024",8:00p,Chicago Bulls,139,San Antonio Spurs,124,52,90,.578,17,37,.459,18,23,.783,11,39,50,36,6,5,19,26,.694,.672,.411,.256,29.7,72.2,54.9,69.2,5.6,7.5,16.0,100.0,130.8,116.7,44,95,.463,8,28,.286,28,39,.718,15,26,41,26,11,4,11,17,.553,.505,.295,.411,27.8,70.3,45.1,59.1,10.4,7.5,8.9,100.0,116.7,130.8
"Thu, Dec 5, 2024",10:00p,Houston Rockets,93,Golden State Warriors,99,35,93,.376,10,38,.263,13,17,.765,11,34,45,20,9,9,8,20,.463,.430,.409,.183,20.4,75.6,45.5,57.1,9.5,15.5,7.4,100.0,98.5,104.8,36,86,.419,9,28,.321,18,27,.667,11,43,54,19,5,3,10,16,.506,.471,.326,.314,24.4,79.6,54.5,52.8,5.3,5.5,9.3,100.0,104.8,98.5
"Fri, Dec 6, 2024",7:00p,Orlando Magic,94,Philadelphia 76ers,102,33,78,.423,13,46,.283,15,17,.882,8,30,38,21,8,6,21,23,.550,.506,.590,.218,22.9,75.0,50.7,63.6,8.4,11.3,19.7,100.0,98.7,107.1,38,79,.481,7,26,.269,19,29,.655,10,27,37,23,11,0,16,19,.556,.525,.329,.367,25.0,77.1,49.3,60.5,11.6,0.0,14.8,100.0,107.1,98.7
"Fri, Dec 6, 2024",7:30p,Los Angeles Lakers,132,Atlanta Hawks,134,51,99,.515,16,35,.457,14,16,.875,6,34,40,33,11,10,15,24,.622,.596,.354,.162,14.0,75.6,45.5,64.7,9.7,16.7,12.4,100.0,116.8,118.6,50,100,.500,17,40,.425,17,22,.773,11,37,48,40,10,5,17,24,.611,.585,.400,.220,24.4,86.0,54.5,80.0,8.9,7.8,13.4,100.0,118.6,116.8
"Fri, Dec 6, 2024",7:30p,Milwaukee Bucks,105,Boston Celtics,111,40,94,.426,11,29,.379,14,17,.824,12,39,51,16,4,2,9,16,.517,.484,.309,.181,26.1,84.8,55.4,40.0,4.3,5.9,8.1,100.0,112.6,119.1,40,87,.460,17,53,.321,14,16,.875,7,34,41,27,5,6,6,18,.590,.557,.609,.184,15.2,73.9,44.6,67.5,5.4,9.2,6.0,100.0,119.1,112.6
"Fri, Dec 6, 2024",8:00p,Indiana Pacers,132,Chicago Bulls,123,52,92,.565,18,30,.600,10,12,.833,7,39,46,33,9,4,13,10,.678,.663,.326,.130,18.9,83.0,54.8,63.5,8.7,8.5,11.8,100.0,128.0,119.3,46,97,.474,21,50,.420,10,12,.833,8,30,38,33,8,6,12,13,.601,.582,.515,.124,17.0,81.1,45.2,71.7,7.8,9.7,10.5,100.0,119.3,128.0
"Fri, Dec 6, 2024",8:00p,Sacramento Kings,140,San Antonio Spurs,113,51,90,.567,16,34,.471,22,24,.917,7,37,44,33,7,6,11,20,.696,.656,.378,.267,18.9,75.5,51.2,64.7,6.8,12.0,9.9,100.0,135.9,109.7,39,91,.429,14,41,.341,21,30,.700,12,30,42,28,8,5,14,20,.542,.505,.451,.330,24.5,81.1,48.8,71.8,7.8,8.9,11.8,100.0,109.7,135.9
"Fri, Dec 6, 2024",10:00p,Minnesota Timberwolves,107,Golden State Warriors,90,40,88,.455,14,42,.333,13,14,.929,9,39,48,32,12,6,21,14,.568,.534,.477,.159,22.5,79.6,53.9,80.0,11.8,14.0,18.2,100.0,105.5,88.7,32,82,.390,11,39,.282,15,17,.882,10,31,41,21,9,4,22,11,.503,.457,.476,.207,20.4,77.5,46.1,65.6,8.9,8.7,19.7,100.0,88.7,105.5
"Fri, Dec 6, 2024",10:00p,Utah Jazz,141,Portland Trail Blazers,99,53,96,.552,14,32,.438,21,23,.913,11,50,61,34,6,11,14,17,.664,.625,.333,.240,28.2,89.3,64.2,64.2,5.7,22.9,11.7,100.0,132.8,93.2,37,95,.389,14,47,.298,11,17,.647,6,28,34,23,4,7,11,22,.483,.463,.495,.179,10.7,71.8,35.8,62.2,3.8,10.9,9.7,100.0,93.2,132.8
"Sat, Dec 7, 2024",1:00p,Cleveland Cavaliers,116,Charlotte Hornets,102,42,84,.500,14,38,.368,18,24,.750,14,33,47,28,6,6,12,20,.613,.583,.452,.286,34.1,76.7,56.0,66.7,6.6,12.8,11.3,100.0,127.0,111.7,37,86,.430,11,39,.282,17,19,.895,10,27,37,21,6,5,11,27,.540,.494,.453,.221,23.3,65.9,44.0,56.8,6.6,10.9,10.4,100.0,111.7,127.0
"Sat, Dec 7, 2024",7:00p,Oklahoma City Thunder,119,New Orleans Pelicans,109,45,85,.529,12,32,.375,17,21,.810,10,35,45,27,13,3,20,24,.631,.600,.376,.247,27.0,81.4,56.3,60.0,12.9,7.1,17.5,100.0,118.1,108.2,38,79,.481,11,37,.297,22,27,.815,8,27,35,25,15,6,18,20,.600,.551,.468,.342,18.6,73.0,43.8,65.8,14.9,11.3,16.5,100.0,108.2,118.1
"Sat, Dec 7, 2024",7:00p,Denver Nuggets,113,Washington Wizards,122,46,95,.484,5,25,.200,16,27,.593,16,32,48,34,11,6,15,23,.529,.511,.263,.284,34.0,68.1,51.1,73.9,10.7,11.5,12.3,100.0,110.1,118.8,45,93,.484,16,41,.390,16,22,.727,15,31,46,31,9,12,17,21,.594,.570,.441,.237,31.9,66.0,48.9,68.9,8.8,17.1,14.2,100.0,118.8,110.1
"Sat, Dec 7, 2024",7:30p,Detroit Pistons,120,New York Knicks,111,43,83,.518,18,36,.500,16,19,.842,9,34,43,28,7,0,19,20,.657,.627,.434,.229,25.0,89.5,58.1,65.1,7.0,0.0,17.2,100.0,120.3,111.3,42,79,.532,11,34,.324,16,27,.593,4,27,31,27,11,5,15,12,.611,.601,.430,.342,10.5,75.0,41.9,64.3,11.0,10.6,14.2,100.0,111.3,120.3
"Sat, Dec 7, 2024",7:30p,Dallas Mavericks,125,Toronto Raptors,118,38,81,.469,17,45,.378,32,37,.865,14,38,52,21,10,8,18,16,.642,.574,.556,.457,31.1,82.6,57.1,55.3,9.8,14.8,15.6,100.0,122.9,116.0,43,93,.462,15,39,.385,17,18,.944,8,31,39,37,13,3,13,22,.585,.543,.419,.194,17.4,68.9,42.9,86.0,12.8,8.3,11.4,100.0,116.0,122.9
"Sat, Dec 7, 2024",8:00p,Memphis Grizzlies,127,Boston Celtics,121,47,94,.500,15,33,.455,18,23,.783,11,41,52,25,13,7,13,25,.610,.580,.351,.245,23.4,73.2,50.5,53.2,12.1,15.6,11.1,100.0,117.8,112.3,42,105,.400,18,60,.300,19,28,.679,15,36,51,26,6,7,13,16,.516,.486,.571,.267,26.8,76.6,49.5,61.9,5.6,11.5,10.0,100.0,112.3,117.8
"Sat, Dec 7, 2024",8:00p,Phoenix Suns,111,Miami Heat,121,36,82,.439,16,41,.390,23,25,.920,13,28,41,29,8,3,14,20,.597,.537,.500,.305,30.2,71.8,50.0,80.6,8.6,5.6,13.1,100.0,119.4,130.1,45,86,.523,13,32,.406,18,23,.783,11,30,41,30,9,4,12,20,.629,.599,.372,.267,28.2,69.8,50.0,66.7,9.7,9.8,11.1,100.0,130.1,119.4
"Sun, Dec 8, 2024",1:00p,Philadelphia 76ers,108,Chicago Bulls,100,43,92,.467,9,36,.250,13,14,.929,10,46,56,25,8,5,16,15,.550,.516,.391,.152,23.3,95.8,61.5,58.1,7.8,15.6,14.0,100.0,105.4,97.6,35,86,.407,19,54,.352,11,12,.917,2,33,35,29,9,3,15,18,.548,.517,.628,.140,4.2,76.7,38.5,82.9,8.8,5.4,14.1,100.0,97.6,105.4
"Sun, Dec 8, 2024",3:30p,Milwaukee Bucks,118,Brooklyn Nets,113,39,68,.574,15,31,.484,25,32,.781,3,28,31,26,6,7,16,18,.719,.684,.456,.471,11.5,80.0,50.8,66.7,6.5,15.2,16.3,100.0,127.5,122.1,41,81,.506,16,35,.457,15,16,.938,7,23,30,24,9,3,13,25,.642,.605,.432,.198,20.0,88.5,49.2,58.5,9.7,8.1,12.9,100.0,122.1,127.5
"Sun, Dec 8, 2024",5:00p,Charlotte Hornets,113,Indiana Pacers,109,40,78,.513,14,29,.483,19,26,.731,10,35,45,24,11,3,25,18,.632,.603,.372,.333,27.8,92.1,60.8,60.0,10.8,6.5,21.8,100.0,110.9,107.0,42,82,.512,12,36,.333,13,15,.867,3,26,29,23,9,7,17,19,.615,.585,.439,.183,7.9,72.2,39.2,54.8,8.8,14.3,16.1,100.0,107.0,110.9
"Sun, Dec 8, 2024",6:00p,Denver Nuggets,141,Atlanta Hawks,111,56,89,.629,12,27,.444,17,24,.708,7,36,43,43,9,5,20,22,.708,.697,.303,.270,21.2,65.5,48.9,76.8,8.5,8.2,16.7,100.0,132.6,104.4,41,101,.406,9,40,.225,20,27,.741,19,26,45,26,12,2,12,22,.492,.450,.396,.267,34.5,78.8,51.1,63.4,11.3,3.2,9.6,100.0,104.4,132.6
"Sun, Dec 8, 2024",6:00p,Cleveland Cavaliers,113,Miami Heat,122,41,86,.477,14,33,.424,17,18,.944,5,31,36,25,5,1,9,18,.602,.558,.384,.209,11.9,75.6,43.4,61.0,5.2,2.0,8.7,100.0,117.0,126.3,41,86,.477,16,37,.432,24,26,.923,10,37,47,27,4,4,12,15,.626,.570,.430,.302,24.4,88.1,56.6,65.9,4.1,7.5,11.0,100.0,126.3,117.0
"Sun, Dec 8, 2024",6:30p,Phoenix Suns,110,Orlando Magic,115,39,83,.470,13,28,.464,19,22,.864,9,30,39,24,7,6,21,24,.593,.548,.337,.265,23.1,68.2,47.0,61.5,7.0,11.5,18.5,100.0,110.4,115.4,42,88,.477,12,36,.333,19,30,.633,14,30,44,17,11,6,13,19,.568,.545,.409,.341,31.8,76.9,53.0,40.5,11.0,10.9,11.4,100.0,115.4,110.4
"Sun, Dec 8, 2024",7:00p,New Orleans Pelicans,116,San Antonio Spurs,121,43,99,.434,13,38,.342,17,21,.810,13,30,43,26,9,8,8,21,.536,.500,.384,.212,25.0,65.2,43.9,60.5,9.0,14.8,6.9,100.0,116.1,121.1,42,93,.452,12,39,.308,25,31,.806,16,39,55,27,7,11,13,18,.567,.516,.419,.333,34.8,75.0,56.1,64.3,7.0,18.0,10.9,100.0,121.1,116.1
"Sun, Dec 8, 2024",7:00p,Memphis Grizzlies,140,Washington Wizards,112,50,96,.521,17,43,.395,23,29,.793,12,34,46,34,12,8,18,20,.644,.609,.448,.302,27.3,63.0,46.9,68.0,10.9,11.8,14.2,100.0,127.6,102.1,43,100,.430,6,32,.188,20,22,.909,20,32,52,20,10,5,21,25,.511,.460,.320,.220,37.0,72.7,53.1,46.5,9.1,9.4,16.1,100.0,102.1,127.6
"Sun, Dec 8, 2024",8:30p,Minnesota Timberwolves,106,Golden State Warriors,114,36,79,.456,19,42,.452,15,20,.750,7,32,39,22,6,8,16,18,.604,.576,.532,.253,18.4,69.6,46.4,61.1,6.3,16.3,15.4,100.0,111.6,120.1,42,90,.467,16,41,.390,14,20,.700,14,31,45,28,8,6,13,20,.577,.556,.456,.222,30.4,81.6,53.6,66.7,8.4,16.2,11.6,100.0,120.1,111.6
"Sun, Dec 8, 2024",9:00p,Houston Rockets,117,Los Angeles Clippers,106,40,82,.488,15,41,.366,22,26,.846,12,38,50,23,4,4,15,16,.626,.579,.500,.317,31.6,84.4,60.2,57.5,4.2,6.9,13.8,100.0,122.4,110.9,41,92,.446,11,34,.324,13,16,.813,7,26,33,21,11,3,8,24,.535,.505,.370,.174,15.6,68.4,39.8,51.2,11.5,7.3,7.5,100.0,110.9,122.4
"Sun, Dec 8, 2024",9:00p,Utah Jazz,97,Sacramento Kings,141,31,80,.388,15,42,.357,20,21,.952,9,29,38,21,6,6,20,17,.543,.481,.525,.263,20.9,76.3,46.9,67.7,6.1,10.7,18.3,100.0,98.1,142.6,57,100,.570,22,44,.500,5,8,.625,9,34,43,39,10,7,8,17,.681,.680,.440,.080,23.7,79.1,53.1,68.4,10.1,18.4,7.2,100.0,142.6,98.1
"Sun, Dec 8, 2024",9:30p,Portland Trail Blazers,98,Los Angeles Lakers,107,35,84,.417,9,36,.250,19,21,.905,12,37,49,17,4,3,18,19,.526,.470,.429,.250,27.3,82.2,55.1,48.6,4.2,6.1,16.2,100.0,103.2,112.7,38,83,.458,13,34,.382,18,21,.857,8,32,40,25,14,7,11,20,.580,.536,.410,.253,17.8,72.7,44.9,65.8,14.7,14.6,10.7,100.0,112.7,103.2
"Mon, Dec 9, 2024",7:30p,New York Knicks,113,Toronto Raptors,108,42,82,.512,17,40,.425,12,19,.632,6,34,40,32,7,7,10,13,.625,.616,.488,.232,15.0,66.7,44.0,76.2,7.5,11.5,10.0,100.0,120.4,115.1,43,96,.448,13,35,.371,9,11,.818,17,34,51,23,4,4,13,16,.536,.516,.365,.115,33.3,85.0,56.0,53.5,4.3,9.5,11.4,100.0,115.1,120.4
"Tue, Dec 10, 2024",7:00p,Orlando Magic,109,Milwaukee Bucks,114,41,93,.441,6,27,.222,21,27,.778,15,31,46,19,11,4,14,21,.520,.473,.290,.290,31.9,86.1,55.4,46.3,11.1,8.5,11.8,100.0,110.2,115.2,42,77,.545,11,30,.367,19,25,.760,5,32,37,27,9,6,16,17,.648,.617,.390,.325,13.9,68.1,44.6,64.3,9.1,9.1,15.4,100.0,115.2,110.2
"Tue, Dec 10, 2024",9:30p,Dallas Mavericks,104,Oklahoma City Thunder,118,38,80,.475,15,36,.417,13,19,.684,7,37,44,25,10,2,19,12,.589,.569,.450,.238,16.7,68.5,45.8,65.8,10.1,3.9,17.7,100.0,104.8,119.0,46,101,.455,20,50,.400,6,7,.857,17,35,52,29,14,5,14,17,.567,.554,.495,.069,31.5,83.3,54.2,63.0,14.1,11.4,11.9,100.0,119.0,104.8
"Wed, Dec 11, 2024",7:00p,Atlanta Hawks,108,New York Knicks,100,43,104,.413,9,31,.290,13,20,.650,22,36,58,27,5,7,11,13,.479,.457,.298,.192,37.3,75.0,54.2,62.8,5.0,13.7,8.9,100.0,108.8,100.8,40,93,.430,11,42,.262,9,15,.600,12,37,49,27,8,11,15,14,.502,.489,.452,.161,25.0,62.7,45.8,67.5,8.1,15.1,13.1,100.0,100.8,108.8
"Wed, Dec 11, 2024",9:30p,Golden State Warriors,90,Houston Rockets,91,37,84,.440,12,38,.316,4,9,.444,11,28,39,22,13,8,22,11,.512,.512,.452,.107,27.5,80.0,52.0,59.5,13.7,14.3,20.0,100.0,94.7,95.7,38,83,.458,6,27,.222,9,10,.900,7,29,36,23,10,5,17,14,.521,.494,.325,.120,20.0,72.5,48.0,60.5,10.5,10.9,16.3,100.0,95.7,94.7
"Thu, Dec 12, 2024",7:30p,Detroit Pistons,99,Boston Celtics,123,42,98,.429,7,37,.189,8,10,.800,9,34,43,27,8,4,8,12,.483,.464,.378,.102,17.3,81.0,45.7,64.3,8.0,9.5,7.2,100.0,99.1,123.1,46,90,.511,20,48,.417,11,13,.846,8,43,51,34,6,4,14,9,.642,.622,.533,.144,19.0,82.7,54.3,73.9,6.0,6.6,12.8,100.0,123.1,99.1
"Thu, Dec 12, 2024",7:30p,Toronto Raptors,104,Miami Heat,114,41,92,.446,11,32,.344,11,15,.733,9,33,42,29,8,5,12,24,.527,.505,.348,.163,18.0,75.0,44.7,70.7,7.9,9.8,10.8,100.0,103.2,113.2,40,83,.482,13,32,.406,21,32,.656,11,41,52,21,4,3,17,11,.587,.560,.386,.386,25.0,82.0,55.3,52.5,4.0,5.0,14.9,100.0,113.2,103.2
"Thu, Dec 12, 2024",8:00p,Sacramento Kings,111,New Orleans Pelicans,109,37,92,.402,10,33,.303,27,29,.931,17,33,50,24,12,2,11,19,.530,.457,.359,.315,34.0,76.7,53.8,64.9,12.5,4.3,9.5,100.0,115.8,113.8,39,83,.470,14,37,.378,17,20,.850,10,33,43,22,6,4,17,22,.594,.554,.446,.241,23.3,66.0,46.2,56.4,6.3,6.8,15.6,100.0,113.8,115.8
"Fri, Dec 13, 2024",7:00p,Washington Wizards,105,Cleveland Cavaliers,115,41,86,.477,14,40,.350,9,11,.818,6,38,44,24,7,7,18,28,.578,.558,.465,.128,15.0,70.4,46.8,58.5,6.9,17.1,16.5,100.0,104.1,114.0,36,91,.396,15,50,.300,28,40,.700,16,34,50,27,10,5,11,14,.529,.478,.549,.440,29.6,85.0,53.2,75.0,9.9,10.9,9.2,100.0,114.0,104.1
"Fri, Dec 13, 2024",7:00p,Indiana Pacers,121,Philadelphia 76ers,107,47,91,.516,14,38,.368,13,17,.765,8,33,41,35,9,4,10,21,.614,.593,.418,.187,20.0,68.8,46.6,74.5,9.2,6.7,9.2,100.0,124.0,109.7,37,85,.435,10,25,.400,23,32,.719,15,32,47,18,5,4,15,16,.540,.494,.294,.376,31.3,80.0,53.4,48.6,5.1,7.5,13.1,100.0,109.7,124.0
"Fri, Dec 13, 2024",8:00p,Charlotte Hornets,95,Chicago Bulls,109,35,98,.357,8,46,.174,17,21,.810,17,37,54,22,7,5,17,20,.443,.398,.469,.214,30.9,72.5,50.9,62.9,6.8,11.9,13.7,100.0,92.6,106.3,37,93,.398,14,51,.275,21,25,.840,14,38,52,27,12,11,16,19,.524,.473,.548,.269,27.5,69.1,49.1,73.0,11.7,21.2,13.3,100.0,106.3,92.6
"Fri, Dec 13, 2024",8:00p,Brooklyn Nets,119,Memphis Grizzlies,135,42,92,.457,20,53,.377,15,19,.789,8,33,41,30,9,7,18,20,.593,.565,.576,.207,17.8,73.3,45.6,71.4,8.4,11.1,15.2,100.0,110.7,125.5,52,99,.525,17,36,.472,14,21,.667,12,37,49,33,9,4,13,19,.624,.611,.364,.212,26.7,82.2,54.4,63.5,8.4,10.3,10.7,100.0,125.5,110.7
"Fri, Dec 13, 2024",8:00p,Los Angeles Lakers,87,Minnesota Timberwolves,97,33,86,.384,10,35,.286,11,17,.647,15,38,53,17,7,6,22,21,.465,.442,.407,.198,28.8,77.6,52.5,51.5,7.1,10.9,19.1,100.0,88.5,98.7,35,87,.402,9,32,.281,18,24,.750,11,37,48,18,12,5,14,14,.497,.454,.368,.276,22.4,71.2,47.5,51.4,12.2,9.8,12.5,100.0,98.7,88.5
"Fri, Dec 13, 2024",9:00p,Los Angeles Clippers,98,Denver Nuggets,120,37,83,.446,14,41,.341,10,18,.556,5,26,31,24,18,2,19,22,.539,.530,.494,.217,10.9,83.9,40.3,64.9,17.2,4.2,17.3,100.0,93.5,114.5,42,77,.545,10,29,.345,26,32,.813,5,41,46,23,15,2,22,16,.659,.610,.377,.416,16.1,89.1,59.7,54.8,14.3,4.8,19.5,100.0,114.5,93.5
"Fri, Dec 13, 2024",9:30p,Phoenix Suns,134,Utah Jazz,126,47,89,.528,22,45,.489,18,20,.900,9,28,37,36,10,7,8,18,.685,.652,.506,.225,24.3,82.4,52.1,76.6,10.6,18.4,7.6,100.0,142.2,133.7,43,77,.558,22,39,.564,18,22,.818,6,28,34,30,5,6,15,17,.727,.701,.506,.286,17.6,75.7,47.9,69.8,5.3,13.6,14.8,100.0,133.7,142.2
"Fri, Dec 13, 2024",10:00p,San Antonio Spurs,118,Portland Trail Blazers,116,44,85,.518,14,30,.467,16,21,.762,13,28,41,32,5,6,15,13,.626,.600,.353,.247,31.7,77.8,53.2,72.7,5.3,14.6,13.7,100.0,124.4,122.2,42,82,.512,16,41,.390,16,17,.941,8,28,36,25,9,5,16,22,.648,.610,.500,.207,22.2,68.3,46.8,59.5,9.5,9.1,15.2,100.0,122.2,124.4
"Sat, Dec 14, 2024",4:30p,Atlanta Hawks,102,Milwaukee Bucks,110,35,82,.427,10,24,.417,22,34,.647,7,37,44,23,3,6,13,20,.526,.488,.293,.415,14.6,86.0,48.4,65.7,2.9,14.6,11.8,100.0,100.0,107.8,39,86,.453,14,45,.311,18,27,.667,6,41,47,28,8,8,13,27,.562,.535,.523,.314,14.0,85.4,51.6,71.8,7.8,13.8,11.7,100.0,107.8,100.0
"Sat, Dec 14, 2024",8:30p,Houston Rockets,96,Oklahoma City Thunder,111,35,96,.365,11,46,.239,15,25,.600,19,30,49,17,7,3,16,25,.449,.422,.479,.260,32.8,88.2,53.3,48.6,7.0,6.0,13.0,100.0,96.1,111.1,36,80,.450,11,30,.367,28,32,.875,4,39,43,19,12,4,12,24,.590,.519,.375,.400,11.8,67.2,46.7,52.8,12.0,8.0,11.3,100.0,111.1,96.1
"Sun, Dec 15, 2024",5:00p,New Orleans Pelicans,104,Indiana Pacers,119,38,97,.392,10,33,.303,18,23,.783,19,30,49,18,11,4,18,19,.485,.443,.340,.237,34.5,81.1,53.3,47.4,10.9,9.3,14.4,100.0,103.0,117.9,41,81,.506,16,38,.421,21,24,.875,7,36,43,33,10,9,17,21,.650,.605,.469,.296,18.9,65.5,46.7,80.5,9.9,14.1,15.7,100.0,117.9,103.0
"Sun, Dec 15, 2024",6:00p,New York Knicks,100,Orlando Magic,91,33,71,.465,10,24,.417,24,30,.800,7,38,45,20,8,3,19,16,.594,.535,.338,.423,19.4,79.2,53.6,60.6,8.5,5.4,18.4,100.0,105.7,96.2,36,86,.419,9,30,.300,10,13,.769,10,29,39,24,8,10,15,26,.496,.471,.349,.151,20.8,80.6,46.4,66.7,8.5,21.3,14.1,100.0,96.2,105.7
"Sun, Dec 15, 2024",6:00p,Boston Celtics,112,Washington Wizards,98,40,93,.430,18,46,.391,14,24,.583,16,40,56,26,11,5,18,15,.541,.527,.495,.258,32.0,70.2,52.3,65.0,10.9,8.5,14.8,100.0,111.0,97.1,40,99,.404,13,40,.325,5,8,.625,17,34,51,22,10,7,16,25,.478,.470,.404,.081,29.8,68.0,47.7,55.0,9.9,14.9,13.5,100.0,97.1,111.0
"Sun, Dec 15, 2024",7:00p,Minnesota Timberwolves,106,San Antonio Spurs,92,40,100,.400,12,35,.343,14,16,.875,14,37,51,26,11,4,12,13,.495,.460,.350,.160,26.9,75.5,50.5,65.0,11.0,8.7,10.1,100.0,105.7,91.7,37,91,.407,11,45,.244,7,9,.778,12,38,50,34,6,8,19,18,.484,.467,.495,.099,24.5,73.1,49.5,91.9,6.0,12.3,16.7,100.0,91.7,105.7
"Sun, Dec 15, 2024",8:00p,Portland Trail Blazers,109,Phoenix Suns,116,42,94,.447,15,49,.306,10,13,.769,12,36,48,30,6,4,13,22,.547,.527,.521,.138,26.1,75.0,51.1,71.4,6.2,8.0,11.5,100.0,113.0,120.2,43,89,.483,15,39,.385,15,19,.789,12,34,46,23,7,2,11,13,.596,.567,.438,.213,25.0,73.9,48.9,53.5,7.3,4.4,10.2,100.0,120.2,113.0
"Sun, Dec 15, 2024",8:30p,Dallas Mavericks,143,Golden State Warriors,133,52,87,.598,21,41,.512,18,25,.720,10,37,47,36,8,5,16,12,.730,.718,.471,.287,31.3,71.2,56.0,69.2,7.9,10.2,14.0,100.0,141.6,131.7,49,103,.476,27,54,.500,8,11,.727,15,22,37,39,8,2,10,17,.617,.607,.524,.107,28.8,68.8,44.0,79.6,7.9,4.3,8.5,100.0,131.7,141.6
"Sun, Dec 15, 2024",9:30p,Memphis Grizzlies,110,Los Angeles Lakers,116,38,97,.392,9,28,.321,25,30,.833,17,33,50,25,10,3,21,31,.499,.438,.289,.309,33.3,76.7,53.2,65.8,9.1,6.3,16.0,100.0,100.5,106.0,39,82,.476,10,34,.294,28,39,.718,10,34,44,23,10,7,23,27,.585,.537,.415,.476,23.3,66.7,46.8,59.0,9.1,10.1,18.8,100.0,106.0,100.5
"Mon, Dec 16, 2024",7:00p,Philadelphia 76ers,121,Charlotte Hornets,108,41,80,.513,16,38,.421,23,30,.767,9,33,42,21,14,4,20,20,.649,.613,.475,.375,23.7,78.6,52.5,51.2,13.7,8.9,17.7,100.0,118.6,105.8,42,83,.506,12,38,.316,12,21,.571,9,29,38,30,12,8,20,27,.585,.578,.458,.253,21.4,76.3,47.5,71.4,11.8,19.0,17.8,100.0,105.8,118.6
"Mon, Dec 16, 2024",7:00p,Miami Heat,124,Detroit Pistons,125,45,99,.455,12,43,.279,22,24,.917,9,35,44,30,16,2,13,19,.566,.515,.434,.242,16.7,83.3,45.8,66.7,14.2,4.0,10.6,100.0,110.2,111.1,44,90,.489,20,40,.500,17,23,.739,7,45,52,32,8,4,22,24,.624,.600,.444,.256,16.7,83.3,54.2,72.7,7.1,7.1,18.0,100.0,111.1,110.2
"Mon, Dec 16, 2024",7:30p,Cleveland Cavaliers,130,Brooklyn Nets,101,43,81,.531,19,47,.404,25,29,.862,12,30,42,33,14,6,17,19,.693,.648,.580,.358,31.6,76.9,54.5,76.7,14.2,12.8,15.3,100.0,131.5,102.1,34,81,.420,14,34,.412,19,24,.792,9,26,35,25,11,2,22,28,.552,.506,.420,.296,23.1,68.4,45.5,73.5,11.1,5.9,19.4,100.0,102.1,131.5
"Mon, Dec 16, 2024",7:30p,Chicago Bulls,122,Toronto Raptors,121,43,93,.462,14,40,.350,22,28,.786,8,33,41,33,12,8,12,23,.579,.538,.430,.301,19.0,76.7,48.2,76.7,11.1,12.1,10.2,100.0,112.8,111.9,45,92,.489,9,26,.346,22,30,.733,10,34,44,28,7,6,18,21,.575,.538,.283,.326,23.3,81.0,51.8,62.2,6.5,11.3,14.6,100.0,111.9,112.8
"Mon, Dec 16, 2024",10:00p,Denver Nuggets,130,Sacramento Kings,129,51,102,.500,10,28,.357,18,24,.750,15,40,55,38,9,4,15,18,.577,.549,.275,.235,32.6,78.4,56.7,74.5,8.3,6.0,11.8,100.0,119.5,118.6,49,102,.480,12,35,.343,19,20,.950,11,31,42,28,10,9,11,23,.582,.539,.343,.196,21.6,67.4,43.3,57.1,9.2,12.2,9.0,100.0,118.6,119.5
"Mon, Dec 16, 2024",10:30p,Utah Jazz,107,Los Angeles Clippers,144,36,80,.450,13,39,.333,22,30,.733,10,25,35,22,8,3,23,20,.574,.531,.488,.375,22.7,78.1,46.1,61.1,7.7,7.0,19.8,100.0,103.2,138.9,49,82,.598,21,39,.538,25,32,.781,7,34,41,28,13,6,16,20,.749,.726,.476,.390,21.9,77.3,53.9,57.1,12.5,14.6,14.3,100.0,138.9,103.2
"Tue, Dec 17, 2024",8:30p,Milwaukee Bucks,97,Oklahoma City Thunder,81,34,81,.420,17,40,.425,12,18,.667,9,43,52,25,6,4,19,20,.545,.525,.494,.222,20.0,86.0,54.7,73.5,6.2,7.4,17.6,100.0,100.3,83.8,29,86,.337,5,32,.156,18,22,.818,7,36,43,13,10,5,10,14,.423,.366,.372,.256,14.0,80.0,45.3,44.8,10.3,12.2,9.5,100.0,83.8,100.3
"Thu, Dec 19, 2024",7:00p,Utah Jazz,126,Detroit Pistons,119,39,83,.470,20,40,.500,28,31,.903,15,47,62,23,5,8,27,19,.652,.590,.482,.373,36.6,78.3,61.4,59.0,4.7,13.8,21.8,100.0,117.9,111.4,46,105,.438,13,47,.277,14,18,.778,13,26,39,26,10,8,10,25,.527,.500,.448,.171,21.7,63.4,38.6,56.5,9.4,18.6,8.1,100.0,111.4,117.9
"Thu, Dec 19, 2024",7:00p,Oklahoma City Thunder,105,Orlando Magic,99,40,83,.482,10,31,.323,15,16,.938,4,28,32,23,15,6,13,20,.583,.542,.373,.193,11.8,73.7,44.4,57.5,15.6,14.0,12.6,100.0,108.9,102.7,35,78,.449,11,35,.314,18,25,.720,10,30,40,25,6,6,20,16,.556,.519,.449,.321,26.3,88.2,55.6,71.4,6.2,11.5,18.3,100.0,102.7,108.9
"Thu, Dec 19, 2024",7:00p,Charlotte Hornets,114,Washington Wizards,123,43,106,.406,8,43,.186,20,27,.741,22,30,52,30,12,2,8,21,.484,.443,.406,.255,35.5,71.4,50.0,69.8,11.9,4.9,6.4,100.0,113.2,122.1,41,83,.494,17,42,.405,24,31,.774,12,40,52,33,5,8,18,18,.636,.596,.506,.373,28.6,64.5,50.0,80.5,5.0,12.7,15.7,100.0,122.1,113.2
"Thu, Dec 19, 2024",7:30p,Chicago Bulls,117,Boston Celtics,108,42,94,.447,19,52,.365,14,16,.875,11,45,56,23,2,2,12,19,.579,.548,.553,.170,24.4,80.4,55.4,54.8,2.0,4.9,10.6,100.0,119.5,110.3,38,97,.392,14,56,.250,18,21,.857,11,34,45,21,6,8,4,13,.508,.464,.577,.216,19.6,75.6,44.6,55.3,6.1,19.0,3.6,100.0,110.3,119.5
"Thu, Dec 19, 2024",7:30p,Brooklyn Nets,101,Toronto Raptors,94,33,82,.402,9,39,.231,26,31,.839,15,38,53,18,3,6,17,21,.528,.457,.476,.378,38.5,79.2,60.9,54.5,3.3,14.3,15.1,100.0,110.2,102.6,34,86,.395,15,44,.341,11,14,.786,10,24,34,26,6,4,12,29,.510,.483,.512,.163,20.8,61.5,39.1,76.5,6.5,9.3,11.5,100.0,102.6,110.2
"Thu, Dec 19, 2024",8:00p,New Orleans Pelicans,113,Houston Rockets,133,41,92,.446,13,28,.464,18,25,.720,11,26,37,25,6,2,12,22,.549,.516,.304,.272,23.4,81.3,46.8,61.0,6.0,4.2,10.4,100.0,112.8,132.7,50,87,.575,17,39,.436,16,19,.842,6,36,42,34,7,6,12,20,.697,.672,.448,.218,18.8,76.6,53.2,68.0,7.0,9.4,11.2,100.0,132.7,112.8
"Thu, Dec 19, 2024",8:00p,Golden State Warriors,93,Memphis Grizzlies,144,32,90,.356,12,36,.333,17,24,.708,10,26,36,20,11,5,18,16,.462,.422,.400,.267,18.2,63.4,37.5,62.5,10.5,10.0,15.2,100.0,88.7,137.3,53,98,.541,27,48,.563,11,15,.733,15,45,60,38,11,8,17,19,.688,.679,.490,.153,36.6,81.8,62.5,71.7,10.5,14.8,14.0,100.0,137.3,88.7
"Thu, Dec 19, 2024",8:00p,Atlanta Hawks,126,San Antonio Spurs,133,46,97,.474,16,38,.421,18,21,.857,12,41,53,32,14,6,23,22,.593,.557,.392,.216,26.1,83.7,55.8,69.6,12.1,10.2,17.8,100.0,108.5,114.5,49,101,.485,19,42,.452,16,23,.696,8,34,42,32,15,8,17,15,.598,.579,.416,.228,16.3,73.9,44.2,65.3,12.9,13.6,13.3,100.0,114.5,108.5
"Thu, Dec 19, 2024",8:30p,Los Angeles Clippers,118,Dallas Mavericks,95,44,85,.518,14,33,.424,16,17,.941,8,39,47,30,9,3,15,20,.638,.600,.388,.200,20.0,83.0,54.0,68.2,9.1,5.4,14.0,100.0,118.7,95.6,34,86,.395,7,30,.233,20,28,.714,8,32,40,21,9,5,13,13,.483,.436,.349,.326,17.0,80.0,46.0,61.8,9.1,9.6,11.7,100.0,95.6,118.7
"Thu, Dec 19, 2024",9:00p,Indiana Pacers,120,Phoenix Suns,111,39,89,.438,16,41,.390,26,31,.839,9,38,47,30,9,7,9,21,.585,.528,.461,.348,19.6,84.4,51.6,76.9,8.9,13.5,8.1,100.0,118.7,109.8,40,82,.488,9,30,.300,22,28,.786,7,37,44,28,6,4,16,20,.588,.543,.366,.341,15.6,80.4,48.4,70.0,5.9,8.3,14.5,100.0,109.8,118.7
"Thu, Dec 19, 2024",9:30p,New York Knicks,133,Minnesota Timberwolves,107,50,97,.515,20,45,.444,13,16,.813,16,41,57,39,10,2,15,12,.639,.619,.464,.165,34.0,87.2,60.6,78.0,9.9,4.3,12.6,100.0,131.7,106.0,41,89,.461,17,42,.405,8,13,.615,6,31,37,29,10,5,13,15,.565,.556,.472,.146,12.8,66.0,39.4,70.7,9.9,9.6,12.1,100.0,106.0,131.7
"Thu, Dec 19, 2024",10:00p,Denver Nuggets,124,Portland Trail Blazers,126,47,87,.540,15,34,.441,15,21,.714,8,32,40,35,7,3,11,20,.644,.626,.391,.241,21.1,68.1,47.1,74.5,7.1,5.9,10.3,100.0,126.4,128.4,45,97,.464,16,46,.348,20,24,.833,15,30,45,29,7,7,10,18,.586,.546,.474,.247,31.9,78.9,52.9,64.4,7.1,13.2,8.5,100.0,128.4,126.4
"Thu, Dec 19, 2024",10:00p,Los Angeles Lakers,113,Sacramento Kings,100,38,94,.404,12,33,.364,25,30,.833,14,39,53,22,8,10,13,16,.527,.468,.351,.319,26.4,90.7,55.2,57.9,7.8,18.9,10.8,100.0,110.0,97.3,37,82,.451,11,29,.379,15,22,.682,4,39,43,27,7,6,16,20,.545,.518,.354,.268,9.3,73.6,44.8,73.0,6.8,9.8,14.9,100.0,97.3,110.0
"Fri, Dec 20, 2024",7:00p,Charlotte Hornets,98,Philadelphia 76ers,108,36,78,.462,10,31,.323,16,21,.762,13,31,44,22,7,4,17,19,.562,.526,.397,.269,31.7,73.8,53.0,61.1,7.7,8.0,16.3,100.0,107.3,118.3,41,83,.494,12,33,.364,14,18,.778,11,28,39,30,14,6,15,21,.594,.566,.398,.217,26.2,68.3,47.0,73.2,15.3,12.8,14.2,100.0,118.3,107.3
"Fri, Dec 20, 2024",7:30p,Milwaukee Bucks,101,Cleveland Cavaliers,124,40,85,.471,10,27,.370,11,18,.611,10,35,45,23,14,4,20,17,.543,.529,.318,.212,20.4,79.5,48.4,57.5,13.5,9.1,17.7,100.0,97.5,119.7,46,91,.505,20,47,.426,12,14,.857,9,39,48,30,11,0,18,10,.638,.615,.516,.154,20.5,79.6,51.6,65.2,10.6,0.0,15.6,100.0,119.7,97.5
"Fri, Dec 20, 2024",8:00p,Oklahoma City Thunder,104,Miami Heat,97,39,86,.453,14,34,.412,12,17,.706,12,36,48,24,8,5,14,17,.556,.535,.395,.198,26.1,83.7,53.9,61.5,8.2,11.6,13.0,100.0,106.4,99.2,36,83,.434,12,40,.300,13,20,.650,7,34,41,20,9,3,19,16,.528,.506,.482,.241,16.3,73.9,46.1,55.6,9.2,5.8,17.1,100.0,99.2,106.4
"Sat, Dec 21, 2024",6:00p,Los Angeles Lakers,103,Sacramento Kings,99,40,83,.482,9,35,.257,14,21,.667,9,39,48,23,10,6,14,14,.558,.536,.422,.253,20.5,78.0,51.1,57.5,10.3,11.3,13.2,100.0,106.4,102.3,39,90,.433,10,37,.270,11,14,.786,11,35,46,25,10,1,14,20,.515,.489,.411,.156,22.0,79.5,48.9,64.1,10.3,2.1,12.7,100.0,102.3,106.4
"Sat, Dec 21, 2024",7:00p,Miami Heat,114,Orlando Magic,121,36,75,.480,9,32,.281,33,42,.786,7,31,38,16,7,2,15,25,.610,.540,.427,.560,18.4,75.6,48.1,44.4,7.1,4.0,13.8,100.0,114.9,122.0,43,87,.494,11,37,.297,24,27,.889,10,31,41,24,5,9,13,23,.612,.557,.425,.310,24.4,81.6,51.9,55.8,5.0,20.9,11.6,100.0,122.0,114.9
"Sat, Dec 21, 2024",7:30p,Memphis Grizzlies,128,Atlanta Hawks,112,50,97,.515,18,41,.439,10,13,.769,8,32,40,35,13,1,18,22,.623,.608,.423,.134,18.6,84.2,49.4,70.0,11.9,2.4,14.9,100.0,117.2,102.5,39,80,.488,14,38,.368,20,24,.833,6,35,41,29,11,6,25,14,.618,.575,.475,.300,15.8,81.4,50.6,74.4,10.1,10.7,21.6,100.0,102.5,117.2
"Sat, Dec 21, 2024",7:30p,Utah Jazz,105,Brooklyn Nets,94,41,86,.477,14,41,.341,9,17,.529,10,35,45,25,11,8,18,16,.562,.558,.477,.198,22.7,68.6,47.4,61.0,11.1,14.8,16.1,100.0,105.6,94.5,38,94,.404,7,40,.175,11,12,.917,16,34,50,24,9,3,19,17,.473,.441,.426,.128,31.4,77.3,52.6,63.2,9.1,6.7,16.1,100.0,94.5,105.6
"Sat, Dec 21, 2024",8:00p,Boston Celtics,123,Chicago Bulls,98,48,100,.480,15,45,.333,12,14,.857,17,42,59,27,8,4,12,12,.579,.555,.450,.140,34.0,80.8,57.8,56.3,7.9,7.0,10.2,100.0,122.1,97.3,37,98,.378,14,41,.341,10,11,.909,10,33,43,28,8,4,13,14,.476,.449,.418,.112,19.2,66.0,42.2,75.7,7.9,7.3,11.2,100.0,97.3,122.1
"Sat, Dec 21, 2024",8:00p,Philadelphia 76ers,99,Cleveland Cavaliers,126,34,85,.400,11,34,.324,20,27,.741,11,30,41,13,7,3,13,16,.511,.465,.400,.318,23.4,69.8,45.6,38.2,7.3,6.4,11.8,100.0,103.4,131.6,48,90,.533,22,43,.512,8,15,.533,13,36,49,31,8,1,13,18,.652,.656,.478,.167,30.2,76.6,54.4,64.6,8.4,2.0,11.9,100.0,131.6,103.4
"Sat, Dec 21, 2024",8:00p,Washington Wizards,101,Milwaukee Bucks,112,36,81,.444,18,42,.429,11,16,.688,8,39,47,20,7,4,19,10,.574,.556,.519,.198,19.0,79.6,51.6,55.6,7.1,8.0,17.8,100.0,101.8,112.9,44,98,.449,20,48,.417,4,5,.800,10,34,44,35,12,2,13,14,.559,.551,.490,.051,20.4,81.0,48.4,79.5,12.1,5.1,11.5,100.0,112.9,101.8
"Sat, Dec 21, 2024",8:00p,Golden State Warriors,113,Minnesota Timberwolves,103,40,87,.460,16,42,.381,17,23,.739,11,34,45,30,9,6,11,23,.582,.552,.483,.264,24.4,75.6,50.0,75.0,9.3,12.5,10.2,100.0,117.2,106.8,36,86,.419,14,38,.368,17,25,.680,11,34,45,27,5,2,15,18,.531,.500,.442,.291,24.4,75.6,50.0,75.0,5.2,4.4,13.4,100.0,106.8,117.2
"Sat, Dec 21, 2024",8:00p,New York Knicks,104,New Orleans Pelicans,93,38,87,.437,15,37,.405,13,15,.867,15,27,42,24,11,3,17,18,.556,.523,.425,.172,34.1,62.8,48.3,63.2,12.1,6.1,15.4,100.0,114.1,102.1,34,83,.410,12,34,.353,13,19,.684,16,29,45,23,8,5,19,20,.509,.482,.410,.229,37.2,65.9,51.7,67.6,8.8,10.0,17.2,100.0,102.1,114.1
"Sat, Dec 21, 2024",8:30p,Los Angeles Clippers,97,Dallas Mavericks,113,34,81,.420,10,37,.270,19,22,.864,8,32,40,18,8,7,17,14,.535,.481,.457,.272,20.0,74.4,48.2,52.9,8.3,13.2,15.8,100.0,100.3,116.9,40,88,.455,14,35,.400,19,22,.864,11,32,43,25,12,5,13,18,.578,.534,.398,.250,25.6,80.0,51.8,62.5,12.4,11.4,11.7,100.0,116.9,100.3
"Sat, Dec 21, 2024",8:30p,Portland Trail Blazers,94,San Antonio Spurs,114,38,96,.396,12,43,.279,6,9,.667,11,33,44,21,8,3,13,15,.470,.458,.448,.094,22.9,73.3,47.3,55.3,8.1,5.3,11.5,100.0,95.6,116.0,44,93,.473,10,36,.278,16,18,.889,12,37,49,33,7,13,12,12,.565,.527,.387,.194,26.7,77.1,52.7,75.0,7.1,24.5,10.6,100.0,116.0,95.6
"Sat, Dec 21, 2024",9:00p,Detroit Pistons,133,Phoenix Suns,125,49,89,.551,19,39,.487,16,22,.727,10,25,35,31,13,4,13,19,.674,.657,.438,.247,25.6,80.6,50.0,63.3,13.1,8.2,11.6,100.0,133.5,125.5,45,78,.577,14,29,.483,21,23,.913,6,29,35,30,9,1,19,21,.709,.667,.372,.295,19.4,74.4,50.0,66.7,9.0,2.0,17.7,100.0,125.5,133.5
"Sun, Dec 22, 2024",6:00p,Indiana Pacers,122,Sacramento Kings,95,50,86,.581,17,39,.436,5,8,.625,6,44,50,36,7,5,12,15,.681,.680,.453,.093,15.8,74.6,51.5,72.0,7.3,8.6,11.8,100.0,127.5,99.3,35,96,.365,12,38,.316,13,17,.765,15,32,47,21,3,3,10,11,.459,.427,.396,.177,25.4,84.2,48.5,60.0,3.1,6.4,8.8,100.0,99.3,127.5
"Sun, Dec 22, 2024",6:00p,Houston Rockets,114,Toronto Raptors,110,40,89,.449,7,28,.250,27,33,.818,18,35,53,18,12,6,21,14,.551,.489,.315,.371,36.7,76.1,55.8,45.0,11.5,12.2,16.9,100.0,108.9,105.1,42,92,.457,17,43,.395,9,13,.692,11,31,42,33,10,3,21,25,.563,.549,.467,.141,23.9,63.3,44.2,78.6,9.6,4.9,17.7,100.0,105.1,108.9
"Sun, Dec 22, 2024",7:00p,Denver Nuggets,132,New Orleans Pelicans,129,49,97,.505,10,33,.303,24,32,.750,14,40,54,34,10,8,22,19,.594,.557,.340,.330,29.2,81.6,55.7,69.4,8.4,11.8,16.5,100.0,111.1,108.6,50,108,.463,12,40,.300,17,23,.739,9,34,43,37,16,9,15,23,.546,.519,.370,.213,18.4,70.8,44.3,74.0,13.5,14.1,11.3,100.0,108.6,111.1
"Mon, Dec 23, 2024",7:00p,Houston Rockets,114,Charlotte Hornets,101,43,99,.434,13,42,.310,15,19,.789,21,39,60,23,4,8,12,16,.531,.500,.424,.192,38.9,78.0,57.7,53.5,4.2,15.1,10.1,100.0,118.3,104.8,37,89,.416,10,36,.278,17,24,.708,11,33,44,25,8,6,11,15,.507,.472,.404,.270,22.0,61.1,42.3,67.6,8.3,10.5,9.9,100.0,104.8,118.3
"Mon, Dec 23, 2024",7:00p,Utah Jazz,113,Cleveland Cavaliers,124,38,92,.413,19,44,.432,18,26,.692,18,33,51,27,6,5,17,20,.546,.516,.478,.283,37.5,76.7,56.0,71.1,6.2,11.1,14.1,100.0,115.9,127.2,43,91,.473,20,46,.435,18,23,.783,10,30,40,33,10,3,9,23,.613,.582,.505,.253,23.3,62.5,44.0,76.7,10.3,6.3,8.2,100.0,127.2,115.9
"Mon, Dec 23, 2024",7:00p,Boston Celtics,104,Orlando Magic,108,37,84,.440,8,33,.242,22,27,.815,8,33,41,13,13,5,19,16,.542,.488,.393,.321,18.6,82.5,49.4,35.1,12.5,10.0,16.5,100.0,100.4,104.2,37,83,.446,13,33,.394,21,21,1.000,7,35,42,26,11,9,20,24,.585,.524,.398,.253,17.5,81.4,50.6,70.3,10.6,17.6,17.8,100.0,104.2,100.4
"Mon, Dec 23, 2024",7:00p,San Antonio Spurs,106,Philadelphia 76ers,111,37,81,.457,15,45,.333,17,18,.944,3,39,42,24,4,12,18,21,.596,.549,.556,.222,7.3,81.3,47.2,64.9,3.9,24.5,16.8,100.0,103.4,108.2,39,93,.419,16,44,.364,17,23,.739,9,38,47,22,11,2,11,18,.538,.505,.473,.247,18.8,92.7,52.8,56.4,10.7,5.6,9.6,100.0,108.2,103.4
"Mon, Dec 23, 2024",7:30p,Minnesota Timberwolves,104,Atlanta Hawks,117,39,91,.429,14,43,.326,12,13,.923,16,27,43,31,12,3,21,17,.538,.505,.473,.143,33.3,81.8,53.1,79.5,12.1,8.1,17.8,100.0,104.8,117.9,39,73,.534,18,36,.500,21,26,.808,6,32,38,27,15,6,23,14,.693,.658,.493,.356,18.2,66.7,46.9,69.2,15.1,12.5,21.4,100.0,117.9,104.8
"Mon, Dec 23, 2024",7:30p,Brooklyn Nets,95,Miami Heat,110,33,84,.393,13,34,.382,16,20,.800,11,31,42,23,9,2,15,18,.512,.470,.405,.238,22.0,86.1,48.8,69.7,9.6,6.3,13.9,100.0,101.0,117.0,36,73,.493,17,41,.415,21,24,.875,5,39,44,27,6,3,16,17,.658,.610,.562,.329,13.9,78.0,51.2,75.0,6.4,6.0,16.1,100.0,117.0,101.0
"Mon, Dec 23, 2024",7:30p,Toronto Raptors,125,New York Knicks,139,42,77,.545,11,28,.393,30,37,.811,4,26,30,28,6,3,15,25,.670,.617,.364,.481,12.9,76.5,46.2,66.7,5.8,6.1,13.9,100.0,120.3,133.8,51,86,.593,17,37,.459,20,29,.690,8,27,35,34,9,1,17,27,.704,.692,.430,.337,23.5,87.1,53.8,66.7,8.7,2.0,14.7,100.0,133.8,120.3
"Mon, Dec 23, 2024",8:00p,Milwaukee Bucks,112,Chicago Bulls,91,40,87,.460,18,43,.419,14,17,.824,7,42,49,24,7,1,13,16,.593,.563,.494,.195,15.9,82.4,51.6,60.0,7.1,2.4,12.1,100.0,112.9,91.7,36,90,.400,10,48,.208,9,12,.750,9,37,46,27,9,1,15,15,.478,.456,.533,.133,17.6,84.1,48.4,75.0,9.1,2.3,13.6,100.0,91.7,112.9
"Mon, Dec 23, 2024",8:00p,Los Angeles Clippers,114,Memphis Grizzlies,110,42,96,.438,9,27,.333,21,26,.808,15,38,53,22,15,6,17,28,.531,.484,.281,.271,28.8,66.7,48.6,52.4,14.0,10.5,13.7,100.0,106.4,102.6,38,99,.384,16,42,.381,18,26,.692,19,37,56,26,8,6,20,18,.498,.465,.424,.263,33.3,71.2,51.4,68.4,7.5,8.7,15.3,100.0,102.6,106.4
"Mon, Dec 23, 2024",8:00p,Washington Wizards,105,Oklahoma City Thunder,123,36,91,.396,16,43,.372,17,20,.850,13,38,51,25,7,8,19,16,.526,.484,.473,.220,24.5,66.7,46.4,69.4,6.7,11.8,16.0,100.0,100.3,117.5,47,106,.443,10,38,.263,19,22,.864,19,40,59,25,15,9,12,18,.532,.491,.358,.208,33.3,75.5,53.6,53.2,14.3,18.8,9.4,100.0,117.5,100.3
"Mon, Dec 23, 2024",8:30p,Portland Trail Blazers,108,Dallas Mavericks,132,43,93,.462,8,29,.276,14,19,.737,16,32,48,23,6,1,19,25,.533,.505,.312,.204,36.4,71.1,53.9,53.5,5.9,1.9,15.8,100.0,107.1,130.8,48,90,.533,12,36,.333,24,34,.706,13,28,41,27,10,4,11,21,.629,.600,.400,.378,28.9,63.6,46.1,56.3,9.9,6.3,9.5,100.0,130.8,107.1
"Mon, Dec 23, 2024",10:00p,Phoenix Suns,90,Denver Nuggets,117,33,83,.398,13,33,.394,11,15,.733,9,30,39,23,6,5,15,13,.502,.476,.398,.181,20.5,73.2,45.9,69.7,6.4,10.2,14.3,100.0,96.3,125.3,46,90,.511,16,41,.390,9,11,.818,11,35,46,35,6,4,12,15,.617,.600,.456,.122,26.8,79.5,54.1,76.1,6.4,8.0,11.2,100.0,125.3,96.3
"Mon, Dec 23, 2024",10:00p,Indiana Pacers,111,Golden State Warriors,105,45,92,.489,11,35,.314,10,11,.909,8,35,43,26,7,4,12,16,.573,.549,.380,.120,19.5,76.1,49.4,57.8,7.2,7.7,11.0,100.0,113.9,107.7,39,90,.433,12,38,.316,15,21,.714,11,33,44,29,7,7,11,13,.529,.500,.422,.233,23.9,80.5,50.6,74.4,7.2,12.3,10.0,100.0,107.7,113.9
"Mon, Dec 23, 2024",10:30p,Detroit Pistons,117,Los Angeles Lakers,114,47,92,.511,11,30,.367,12,12,1.000,10,27,37,24,12,5,12,20,.601,.571,.326,.130,23.8,81.8,49.3,51.1,12.3,11.4,11.0,100.0,120.2,117.1,40,74,.541,14,30,.467,20,25,.800,6,32,38,28,8,3,20,10,.671,.635,.405,.338,18.2,76.2,50.7,70.0,8.2,4.8,19.0,100.0,117.1,120.2
"Wed, Dec 25, 2024",12:00p,San Antonio Spurs,114,New York Knicks,117,42,83,.506,16,38,.421,14,17,.824,8,37,45,33,3,6,15,15,.630,.602,.458,.205,21.1,68.5,48.9,78.6,3.2,9.8,14.2,100.0,121.0,124.2,45,100,.450,13,39,.333,14,16,.875,17,30,47,26,7,3,5,17,.547,.515,.390,.160,31.5,78.9,51.1,57.8,7.4,6.7,4.5,100.0,124.2,121.0
"Wed, Dec 25, 2024",2:30p,Minnesota Timberwolves,105,Dallas Mavericks,99,40,86,.465,14,32,.438,11,13,.846,8,38,46,23,8,5,10,14,.572,.547,.372,.151,20.0,77.6,51.7,57.5,8.7,11.4,9.8,100.0,114.4,107.9,36,87,.414,16,43,.372,11,11,1.000,11,32,43,15,6,8,13,13,.539,.506,.494,.126,22.4,80.0,48.3,41.7,6.5,14.8,12.4,100.0,107.9,114.4
"Wed, Dec 25, 2024",5:00p,Philadelphia 76ers,118,Boston Celtics,114,41,88,.466,17,40,.425,19,19,1.000,5,34,39,28,10,5,6,17,.612,.563,.455,.216,11.6,72.3,43.3,68.3,10.3,10.9,5.9,100.0,121.9,117.8,43,95,.453,20,49,.408,8,13,.615,13,38,51,24,3,4,13,18,.566,.558,.516,.137,27.7,88.4,56.7,55.8,3.1,8.3,11.4,100.0,117.8,121.9
"Wed, Dec 25, 2024",8:00p,Los Angeles Lakers,115,Golden State Warriors,113,41,91,.451,15,42,.357,18,18,1.000,11,30,41,30,6,4,9,14,.581,.533,.462,.198,25.6,71.4,48.2,73.2,6.4,9.1,8.3,100.0,122.6,120.4,41,89,.461,18,45,.400,13,17,.765,12,32,44,26,2,8,13,18,.586,.562,.506,.191,28.6,74.4,51.8,63.4,2.1,16.3,11.9,100.0,120.4,122.6
"Wed, Dec 25, 2024",10:30p,Denver Nuggets,100,Phoenix Suns,110,36,78,.462,8,29,.276,20,28,.714,14,32,46,20,3,2,16,16,.554,.513,.372,.359,31.8,72.7,52.3,55.6,3.3,3.8,15.0,100.0,109.8,120.8,41,88,.466,11,36,.306,17,20,.850,12,30,42,31,12,4,9,17,.568,.528,.409,.227,27.3,68.2,47.7,75.6,13.2,8.2,8.5,100.0,120.8,109.8
"Thu, Dec 26, 2024",7:00p,Oklahoma City Thunder,120,Indiana Pacers,114,44,95,.463,13,37,.351,19,24,.792,9,36,45,20,4,4,3,18,.568,.532,.389,.253,18.4,76.6,46.9,45.5,4.1,7.5,2.8,100.0,123.3,117.2,42,89,.472,14,36,.389,16,22,.727,11,40,51,28,1,8,11,21,.578,.551,.404,.247,23.4,81.6,53.1,66.7,1.0,13.8,10.0,100.0,117.2,123.3
"Thu, Dec 26, 2024",7:00p,Miami Heat,89,Orlando Magic,88,31,76,.408,15,30,.500,12,14,.857,7,28,35,21,14,6,21,20,.542,.507,.395,.184,17.5,75.7,45.5,67.7,14.7,12.5,20.4,100.0,93.6,92.5,34,77,.442,5,29,.172,15,18,.833,9,33,42,14,12,6,23,15,.518,.474,.377,.234,24.3,82.5,54.5,41.2,12.6,13.0,21.3,100.0,92.5,93.6
"Thu, Dec 26, 2024",7:00p,Charlotte Hornets,110,Washington Wizards,113,41,94,.436,17,42,.405,11,14,.786,11,39,50,31,6,4,19,23,.549,.527,.447,.149,23.9,83.0,53.8,75.6,5.7,8.5,15.9,100.0,105.4,108.3,39,91,.429,14,44,.318,21,28,.750,8,35,43,25,9,7,11,19,.547,.505,.484,.308,17.0,76.1,46.2,64.1,8.6,13.5,9.6,100.0,108.3,105.4
"Thu, Dec 26, 2024",7:30p,Chicago Bulls,133,Atlanta Hawks,141,53,98,.541,22,43,.512,5,6,.833,9,27,36,36,8,1,16,26,.661,.653,.439,.061,22.0,69.2,45.0,67.9,7.7,2.3,13.7,100.0,127.7,135.4,46,89,.517,17,45,.378,32,34,.941,12,32,44,32,9,5,14,13,.678,.612,.506,.382,30.8,78.0,55.0,69.6,8.6,9.1,11.9,100.0,135.4,127.7
"Thu, Dec 26, 2024",8:00p,Toronto Raptors,126,Memphis Grizzlies,155,49,108,.454,14,43,.326,14,18,.778,13,27,40,39,8,3,15,23,.543,.519,.398,.167,25.0,52.9,38.8,79.6,7.0,4.7,11.5,100.0,110.8,136.4,58,109,.532,18,45,.400,21,29,.724,24,39,63,36,8,8,18,18,.636,.615,.413,.266,47.1,75.0,61.2,62.1,7.0,12.3,12.9,100.0,136.4,110.8
"Thu, Dec 26, 2024",8:00p,Brooklyn Nets,111,Milwaukee Bucks,105,39,82,.476,16,38,.421,17,22,.773,9,29,38,25,8,1,21,11,.605,.573,.463,.268,22.5,78.4,49.4,64.1,7.9,2.2,18.6,100.0,109.6,103.7,41,83,.494,15,38,.395,8,12,.667,8,31,39,23,12,3,23,18,.595,.584,.458,.145,21.6,77.5,50.6,56.1,11.9,6.8,20.7,100.0,103.7,109.6
"Thu, Dec 26, 2024",8:00p,Houston Rockets,128,New Orleans Pelicans,111,46,97,.474,18,47,.383,18,23,.783,18,36,54,19,7,9,16,14,.597,.567,.485,.237,40.0,67.9,55.1,41.3,6.9,14.5,13.0,100.0,125.9,109.2,43,99,.434,12,37,.324,13,18,.722,17,27,44,29,12,2,16,16,.519,.495,.374,.182,32.1,60.0,44.9,67.4,11.8,4.0,13.0,100.0,109.2,125.9
"Thu, Dec 26, 2024",10:00p,Utah Jazz,120,Portland Trail Blazers,122,41,86,.477,21,42,.500,17,25,.680,11,35,46,26,9,5,13,16,.619,.599,.488,.291,24.4,79.5,51.7,63.4,9.2,9.8,11.8,100.0,122.2,124.2,45,89,.506,15,38,.395,17,22,.773,9,34,43,26,10,8,11,20,.618,.590,.427,.247,20.5,75.6,48.3,57.8,10.2,18.2,10.0,100.0,124.2,122.2
"Thu, Dec 26, 2024",10:00p,Detroit Pistons,114,Sacramento Kings,113,38,91,.418,17,44,.386,21,25,.840,10,34,44,25,6,4,10,22,.559,.511,.484,.275,21.7,81.0,50.0,65.8,6.1,9.3,8.9,100.0,116.1,115.1,39,82,.476,14,39,.359,21,26,.808,8,36,44,20,3,6,14,20,.605,.561,.476,.317,19.0,78.3,50.0,51.3,3.1,12.8,13.0,100.0,115.1,116.1
"Fri, Dec 27, 2024",7:00p,New York Knicks,108,Orlando Magic,85,40,75,.533,4,15,.267,24,34,.706,12,32,44,18,10,3,18,20,.600,.560,.200,.453,35.3,74.4,57.1,45.0,10.7,5.6,16.7,100.0,115.4,90.8,32,87,.368,10,33,.303,11,12,.917,11,22,33,20,7,3,17,23,.461,.425,.379,.138,25.6,64.7,42.9,62.5,7.5,5.0,15.6,100.0,90.8,115.4
"Fri, Dec 27, 2024",7:30p,Indiana Pacers,105,Boston Celtics,142,38,91,.418,11,39,.282,18,25,.720,13,26,39,27,5,3,12,20,.515,.478,.429,.275,27.7,59.1,42.9,71.1,5.2,8.3,10.5,100.0,109.8,148.5,47,92,.511,23,56,.411,25,29,.862,18,34,52,31,9,6,10,19,.678,.636,.609,.315,40.9,72.3,57.1,66.0,9.4,11.5,8.7,100.0,148.5,109.8
"Fri, Dec 27, 2024",7:30p,San Antonio Spurs,96,Brooklyn Nets,87,32,78,.410,12,29,.414,20,27,.741,11,32,43,26,10,8,15,11,.534,.487,.372,.346,25.0,72.7,48.9,81.3,10.7,16.3,14.3,100.0,102.9,93.2,35,90,.389,12,41,.293,5,8,.625,12,33,45,22,8,4,18,22,.465,.456,.456,.089,27.3,75.0,51.1,62.9,8.6,8.2,16.1,100.0,93.2,102.9
"Fri, Dec 27, 2024",8:00p,Minnesota Timberwolves,113,Houston Rockets,112,42,83,.506,21,43,.488,8,16,.500,9,30,39,25,9,6,16,22,.627,.633,.518,.193,22.0,65.2,44.8,59.5,9.3,9.7,15.1,100.0,117.2,116.1,45,92,.489,10,30,.333,12,19,.632,16,32,48,19,7,3,15,16,.558,.543,.326,.207,34.8,78.0,55.2,42.2,7.3,7.5,13.0,100.0,116.1,117.2
"Fri, Dec 27, 2024",8:00p,Memphis Grizzlies,132,New Orleans Pelicans,124,42,89,.472,17,41,.415,31,35,.886,9,33,42,30,12,7,17,19,.632,.567,.461,.393,21.4,73.3,48.3,71.4,11.0,12.1,14.0,100.0,120.7,113.4,43,96,.448,11,38,.289,27,29,.931,12,33,45,30,13,10,17,25,.570,.505,.396,.302,26.7,78.6,51.7,69.8,11.9,20.8,13.5,100.0,113.4,120.7
"Fri, Dec 27, 2024",9:00p,Cleveland Cavaliers,149,Denver Nuggets,135,54,96,.563,23,48,.479,18,22,.818,9,29,38,40,10,7,11,17,.705,.682,.500,.229,23.1,78.4,50.0,74.1,9.5,11.1,9.4,100.0,141.8,128.5,53,94,.564,15,31,.484,14,18,.778,8,30,38,39,8,3,13,20,.662,.644,.330,.191,21.6,76.9,50.0,73.6,7.6,6.3,11.3,100.0,128.5,141.8
"Fri, Dec 27, 2024",9:00p,Dallas Mavericks,98,Phoenix Suns,89,35,80,.438,12,34,.353,16,17,.941,7,34,41,24,6,5,15,15,.560,.513,.425,.213,18.9,73.9,49.4,68.6,6.5,10.4,14.6,100.0,106.1,96.4,32,83,.386,13,35,.371,12,18,.667,12,30,42,23,11,7,16,17,.489,.464,.422,.217,26.1,81.1,50.6,71.9,11.9,15.2,15.0,100.0,96.4,106.1
"Fri, Dec 27, 2024",10:00p,Golden State Warriors,92,Los Angeles Clippers,102,35,95,.368,7,38,.184,15,20,.750,19,28,47,24,14,2,14,16,.443,.405,.400,.211,36.5,82.4,54.7,68.6,14.7,4.7,11.9,100.0,96.4,106.8,40,75,.533,10,32,.313,12,15,.800,6,33,39,19,6,10,23,19,.625,.600,.427,.200,17.6,63.5,45.3,47.5,6.3,17.5,22.0,100.0,106.8,96.4
