DateTime,Team,Opponent,Is_Home,Is_Win,Team_PTS,Team_FG,Team_FGA,Team_FG%,Team_3P,Team_3PA,Team_3P%,Team_FT,Team_FTA,Team_FT%,Team_ORB,Team_DRB,Team_TRB,Team_AST,Team_STL,Team_BLK,Team_TOV,Team_PF,Team_TS%,Team_EFG%,Team_3PAR,Team_FTR,Team_ORB%,Team_DRB%,Team_TRB%,Team_AST%,Team_STL%,Team_BLK%,Team_TOV%,Team_ORTG,Team_DRTG,Opponent_PTS,Opponent_FG,Opponent_FGA,Opponent_FG%,Opponent_3P,Opponent_3PA,Opponent_3P%,Opponent_FT,Opponent_FTA,Opponent_FT%,Opponent_ORB,Opponent_DRB,Opponent_TRB,Opponent_AST,Opponent_STL,Opponent_BLK,Opponent_TOV,Opponent_PF,Opponent_TS%,Opponent_EFG%,Opponent_3PAR,Opponent_FTR,Opponent_ORB%,Opponent_DRB%,Opponent_TRB%,Opponent_AST%,Opponent_STL%,Opponent_BLK%,Opponent_TOV%,Opponent_ORTG,Opponent_DRTG
2023-05-12 19:30:00,NYK,MIA,0,0,92,27,71,0.38,10,35,0.286,28,32,0.875,8,33,41,13,2,9,12,22,0.541,0.451,0.493,0.451,19.5,82.5,50.6,48.1,2.3,16.4,12.4,104.3,108.8,96,33,82,0.402,7,27,0.259,23,25,0.92,7,33,40,25,8,2,7,22,0.516,0.445,0.329,0.305,17.5,80.5,49.4,75.8,9.1,5.6,7.0,108.8,104.3
2023-05-10 19:30:00,NYK,MIA,1,1,112,35,71,0.493,13,34,0.382,29,40,0.725,14,36,50,23,6,4,19,19,0.632,0.585,0.479,0.563,37.8,76.6,59.5,65.7,6.4,8.9,17.7,120.3,110.6,103,37,88,0.42,13,43,0.302,16,19,0.842,11,23,34,27,11,4,12,30,0.534,0.494,0.489,0.216,23.4,62.2,40.5,73.0,11.8,10.8,11.1,110.6,120.3
2023-05-08 19:30:00,NYK,MIA,0,0,101,37,76,0.487,9,28,0.321,18,24,0.75,8,27,35,21,5,4,17,23,0.583,0.546,0.368,0.316,20.5,67.5,44.3,56.8,5.4,8.7,16.4,109.1,117.7,109,40,85,0.471,13,39,0.333,16,22,0.727,13,31,44,28,7,4,13,21,0.576,0.547,0.459,0.259,32.5,79.5,55.7,70.0,7.6,8.3,12.1,117.7,109.1
2023-05-06 15:30:00,NYK,MIA,0,0,86,31,91,0.341,8,40,0.2,16,22,0.727,14,34,48,15,4,3,13,22,0.427,0.385,0.44,0.242,27.5,72.3,49.0,48.4,4.1,5.2,11.4,88.1,107.5,105,35,90,0.389,7,32,0.219,28,31,0.903,13,37,50,17,3,5,14,25,0.507,0.428,0.356,0.344,27.7,72.5,51.0,48.6,3.1,9.8,11.9,107.5,88.1
2023-05-02 19:30:00,NYK,MIA,1,1,111,37,82,0.451,16,40,0.4,21,30,0.7,11,39,50,23,4,2,11,20,0.583,0.549,0.488,0.366,29.7,83.0,59.5,62.2,4.4,5.6,10.4,122.7,116.1,105,38,85,0.447,17,49,0.347,12,17,0.706,8,26,34,24,1,2,7,24,0.568,0.547,0.576,0.2,17.0,70.3,40.5,63.2,1.1,4.8,7.0,116.1,122.7
2023-04-30 13:00:00,NYK,MIA,1,0,101,41,86,0.477,7,34,0.206,12,20,0.6,12,36,48,20,6,4,13,21,0.533,0.517,0.395,0.233,29.3,78.3,55.2,48.8,6.4,8.7,12.1,108.0,115.4,108,36,85,0.424,13,39,0.333,23,29,0.793,10,29,39,26,8,5,9,14,0.552,0.5,0.459,0.341,21.7,70.7,44.8,72.2,8.6,9.6,8.4,115.4,108.0
2023-04-26 19:00:00,NYK,CLE,0,1,106,37,85,0.435,9,29,0.31,23,29,0.793,17,31,48,21,6,5,14,17,0.542,0.488,0.341,0.341,39.5,88.6,61.5,56.8,6.7,11.9,12.5,118.2,105.9,95,35,75,0.467,13,33,0.394,12,15,0.8,4,26,30,24,5,2,13,22,0.582,0.553,0.44,0.2,11.4,60.5,38.5,68.6,5.6,3.6,13.7,105.9,118.2
2023-04-23 13:00:00,NYK,CLE,1,1,102,38,84,0.452,8,29,0.276,18,28,0.643,17,30,47,15,5,7,14,15,0.529,0.5,0.345,0.333,39.5,81.1,58.8,39.5,5.6,13.0,12.7,113.9,103.9,93,36,77,0.468,6,23,0.261,15,19,0.789,7,26,33,24,3,5,13,23,0.545,0.506,0.299,0.247,18.9,60.5,41.3,66.7,3.4,9.1,13.2,103.9,113.9
2023-04-21 20:30:00,NYK,CLE,1,1,99,39,83,0.47,10,33,0.303,11,18,0.611,11,34,45,21,14,5,14,17,0.544,0.53,0.398,0.217,27.5,72.3,51.7,53.8,15.2,10.6,13.3,107.3,85.6,79,31,80,0.388,7,33,0.212,10,17,0.588,13,29,42,16,7,4,21,18,0.452,0.431,0.413,0.213,27.7,72.5,48.3,51.6,7.6,8.0,19.4,85.6,107.3
2023-04-18 19:30:00,NYK,CLE,0,0,90,29,79,0.367,7,29,0.241,25,30,0.833,13,23,36,16,14,5,18,18,0.488,0.411,0.367,0.38,28.9,67.6,45.6,55.2,15.3,11.4,16.3,98.1,116.7,107,38,77,0.494,14,33,0.424,17,21,0.81,11,32,43,26,10,7,18,22,0.62,0.584,0.429,0.273,32.4,71.1,54.4,68.4,10.9,14.0,17.3,116.7,98.1
2023-04-15 18:00:00,NYK,CLE,0,1,101,37,88,0.42,8,29,0.276,19,22,0.864,17,34,51,18,11,1,16,20,0.517,0.466,0.33,0.25,38.6,75.6,57.3,48.6,11.9,1.9,14.1,109.3,105.0,97,36,83,0.434,10,31,0.323,15,21,0.714,11,27,38,20,9,2,14,17,0.526,0.494,0.373,0.253,24.4,61.4,42.7,55.6,9.7,3.4,13.2,105.0,109.3
2023-04-09 13:00:00,NYK,IND,1,0,136,52,108,0.481,15,40,0.375,17,22,0.773,19,34,53,29,8,8,15,24,0.578,0.551,0.37,0.204,34.5,81.0,54.6,55.8,7.2,14.5,11.3,122.8,127.3,141,46,89,0.517,19,34,0.559,30,38,0.789,8,36,44,33,8,9,15,24,0.667,0.624,0.382,0.427,19.0,65.5,45.4,71.7,7.2,13.2,12.4,127.3,122.8
2023-04-07 20:00:00,NYK,NOP,0,0,105,38,88,0.432,14,43,0.326,15,20,0.75,7,30,37,19,5,2,10,17,0.542,0.511,0.489,0.227,15.2,88.2,46.3,50.0,5.2,3.9,9.4,109.3,117.6,113,42,79,0.532,10,28,0.357,19,20,0.95,4,39,43,27,4,7,12,17,0.644,0.595,0.354,0.253,11.8,84.8,53.8,64.3,4.2,15.6,12.0,117.6,109.3
2023-04-05 19:00:00,NYK,IND,0,1,138,52,100,0.52,18,46,0.391,16,25,0.64,20,32,52,34,13,8,18,21,0.622,0.61,0.46,0.25,42.6,76.2,58.4,65.4,12.3,14.0,14.0,130.5,122.0,129,45,87,0.517,15,30,0.5,24,30,0.8,10,27,37,33,6,5,17,17,0.644,0.603,0.345,0.345,23.8,57.4,41.6,73.3,5.7,9.3,14.5,122.0,130.5
2023-04-02 18:00:00,NYK,WAS,1,1,118,46,88,0.523,13,32,0.406,13,18,0.722,7,32,39,31,12,4,12,17,0.615,0.597,0.364,0.205,17.5,86.5,50.6,67.4,12.1,9.5,11.1,118.7,109.7,109,39,79,0.494,16,37,0.432,15,18,0.833,5,33,38,26,9,5,19,18,0.627,0.595,0.468,0.228,13.5,82.5,49.4,66.7,9.1,8.9,17.9,109.7,118.7
2023-03-31 19:30:00,NYK,CLE,0,1,130,49,93,0.527,17,36,0.472,15,24,0.625,16,32,48,24,6,5,10,12,0.628,0.618,0.387,0.258,34.8,91.4,59.3,49.0,6.2,10.2,8.8,134.3,119.9,116,44,86,0.512,17,37,0.459,11,13,0.846,3,30,33,33,2,9,10,21,0.632,0.61,0.43,0.151,8.6,65.2,40.7,75.0,2.1,15.8,9.8,119.9,134.3
2023-03-29 19:30:00,NYK,MIA,1,1,101,38,76,0.5,13,31,0.419,12,23,0.522,9,38,47,22,8,3,16,14,0.586,0.586,0.408,0.303,23.7,86.4,57.3,57.9,8.9,7.5,15.7,111.8,101.8,92,35,79,0.443,13,39,0.333,9,14,0.643,6,29,35,20,5,0,11,18,0.54,0.525,0.494,0.177,13.6,76.3,42.7,57.1,5.5,0.0,11.4,101.8,111.8
2023-03-27 19:30:00,NYK,HOU,1,1,137,50,86,0.581,17,39,0.436,20,28,0.714,7,32,39,35,11,8,11,20,0.697,0.68,0.453,0.326,20.6,71.1,49.4,70.0,11.1,13.1,10.1,137.7,115.6,115,42,87,0.483,7,26,0.269,24,29,0.828,13,27,40,24,6,4,14,18,0.576,0.523,0.299,0.333,28.9,79.4,50.6,57.1,6.0,8.5,12.3,115.6,137.7
2023-03-23 19:00:00,NYK,ORL,0,0,106,37,88,0.42,12,40,0.3,20,26,0.769,13,31,44,26,8,8,13,15,0.533,0.489,0.455,0.295,27.1,79.5,50.6,70.3,8.1,14.5,11.6,107.2,112.3,111,40,87,0.46,13,32,0.406,18,21,0.857,8,35,43,25,8,7,16,19,0.577,0.534,0.368,0.241,20.5,72.9,49.4,62.5,8.1,14.6,14.3,112.3,107.2
2023-03-22 19:30:00,NYK,MIA,0,0,120,42,82,0.512,16,40,0.4,20,25,0.8,9,33,42,29,7,5,17,25,0.645,0.61,0.488,0.305,25.0,94.3,59.2,69.0,7.2,9.8,15.5,122.7,129.8,127,45,79,0.57,16,28,0.571,21,26,0.808,2,27,29,28,9,1,10,18,0.702,0.671,0.354,0.329,5.7,75.0,40.8,62.2,9.2,2.4,10.0,129.8,122.7
2023-03-20 19:30:00,NYK,MIN,1,0,134,48,85,0.565,14,28,0.5,24,28,0.857,7,27,34,26,7,3,17,22,0.688,0.647,0.329,0.329,20.6,79.4,50.0,54.2,6.7,5.1,14.9,128.4,134.1,140,51,83,0.614,14,24,0.583,24,32,0.75,7,27,34,34,9,4,15,24,0.721,0.699,0.289,0.386,20.6,79.4,50.0,66.7,8.6,7.0,13.4,134.1,128.4
2023-03-18 13:00:00,NYK,DEN,1,1,116,41,83,0.494,9,32,0.281,25,28,0.893,15,28,43,23,9,4,12,16,0.608,0.548,0.386,0.337,35.7,82.4,56.6,56.1,9.7,7.8,11.2,125.1,118.7,110,43,84,0.512,12,33,0.364,12,15,0.8,6,27,33,30,3,2,13,21,0.607,0.583,0.393,0.179,17.6,64.3,43.4,69.8,3.2,3.9,12.5,118.7,125.1
2023-03-14 22:00:00,NYK,POR,0,1,123,42,81,0.519,15,35,0.429,24,34,0.706,9,43,52,23,8,8,13,13,0.641,0.611,0.432,0.42,25.0,79.6,57.8,54.8,7.9,14.8,11.9,121.7,105.9,107,38,99,0.384,17,45,0.378,14,18,0.778,11,27,38,22,8,3,12,19,0.5,0.47,0.455,0.182,20.4,75.0,42.2,57.9,7.9,6.5,10.1,105.9,121.7
2023-03-12 21:00:00,NYK,LAL,0,1,112,42,88,0.477,11,37,0.297,17,21,0.81,12,34,46,18,8,3,11,18,0.576,0.54,0.42,0.239,30.8,77.3,55.4,42.9,8.5,5.7,10.2,119.2,115.0,108,43,89,0.483,12,36,0.333,10,17,0.588,10,27,37,24,6,2,11,17,0.56,0.551,0.404,0.191,22.7,69.2,44.6,55.8,6.4,3.9,10.2,115.0,119.2
2023-03-11 16:00:00,NYK,LAC,0,0,95,32,90,0.356,7,31,0.226,24,27,0.889,20,34,54,21,5,3,10,17,0.466,0.394,0.344,0.3,38.5,82.9,58.1,65.6,5.5,5.3,8.9,104.3,116.4,106,42,87,0.483,10,30,0.333,12,16,0.75,7,32,39,22,3,4,10,20,0.564,0.54,0.345,0.184,17.1,61.5,41.9,52.4,3.3,6.8,9.6,116.4,104.3
2023-03-09 22:00:00,NYK,SAC,0,0,117,42,101,0.416,13,50,0.26,20,31,0.645,23,35,58,27,8,1,14,25,0.51,0.48,0.495,0.307,39.0,85.4,58.0,64.3,7.8,1.9,10.9,114.0,118.8,122,44,84,0.524,10,32,0.313,24,32,0.75,6,36,42,28,10,3,12,21,0.622,0.583,0.381,0.381,14.6,61.0,42.0,63.6,9.7,5.9,10.9,118.8,114.0
2023-03-07 19:30:00,NYK,CHA,1,0,105,38,89,0.427,11,40,0.275,18,24,0.75,10,29,39,18,3,4,8,18,0.527,0.489,0.449,0.27,23.8,74.4,48.1,47.4,3.2,7.5,7.4,112.2,119.7,112,42,85,0.494,12,32,0.375,16,21,0.762,10,32,42,27,2,5,12,20,0.594,0.565,0.376,0.247,25.6,76.2,51.9,64.3,2.1,10.2,11.3,119.7,112.2
2023-03-05 19:30:00,NYK,BOS,0,1,131,47,95,0.495,15,41,0.366,22,32,0.688,11,43,54,18,7,4,20,27,0.6,0.574,0.432,0.337,22.9,71.7,50.0,38.3,6.1,8.0,15.5,113.4,111.7,129,43,109,0.394,21,59,0.356,22,25,0.88,17,37,54,27,8,5,16,28,0.538,0.491,0.541,0.229,28.3,77.1,50.0,62.8,6.9,9.3,11.8,111.7,113.4
2023-03-03 20:00:00,NYK,MIA,0,1,122,47,81,0.58,17,41,0.415,11,17,0.647,6,28,34,23,8,4,12,23,0.689,0.685,0.506,0.21,17.6,71.8,46.6,48.9,8.6,7.1,11.9,130.8,128.7,120,39,81,0.481,12,25,0.48,30,32,0.938,11,28,39,23,7,2,12,17,0.631,0.556,0.309,0.395,28.2,82.4,53.4,59.0,7.5,5.0,11.2,128.7,130.8
2023-03-01 19:30:00,NYK,BKN,1,1,142,54,89,0.607,20,35,0.571,14,21,0.667,7,39,46,28,5,3,16,21,0.723,0.719,0.393,0.236,21.2,88.6,59.7,51.9,4.7,5.9,14.0,134.2,111.5,118,42,90,0.467,15,39,0.385,19,20,0.95,5,26,31,26,6,5,14,21,0.597,0.55,0.433,0.222,11.4,78.8,40.3,61.9,5.7,9.3,12.4,111.5,134.2
2023-02-27 19:30:00,NYK,BOS,1,1,109,37,78,0.474,12,31,0.387,23,34,0.676,7,37,44,20,6,3,15,11,0.586,0.551,0.397,0.436,20.0,84.1,55.7,54.1,6.3,7.1,13.9,113.9,98.2,94,37,84,0.44,9,42,0.214,11,14,0.786,7,28,35,21,5,8,12,22,0.521,0.494,0.5,0.167,15.9,80.0,44.3,56.8,5.2,17.0,11.7,98.2,113.9
2023-02-25 19:30:00,NYK,NOP,1,1,128,45,88,0.511,19,48,0.396,19,23,0.826,11,43,54,24,1,7,19,22,0.652,0.619,0.545,0.261,29.7,76.8,58.1,53.3,1.0,10.9,16.2,125.2,103.7,106,40,102,0.392,8,38,0.211,18,21,0.857,13,26,39,25,11,0,7,15,0.476,0.431,0.373,0.206,23.2,70.3,41.9,62.5,10.8,0.0,5.9,103.7,125.2
2023-02-24 19:00:00,NYK,WAS,0,1,115,45,92,0.489,12,29,0.414,13,16,0.813,12,31,43,21,9,2,12,17,0.581,0.554,0.315,0.174,27.9,91.2,55.8,46.7,9.2,5.7,10.8,117.7,111.6,109,39,79,0.494,19,44,0.432,12,12,1.0,3,31,34,25,6,6,19,20,0.647,0.614,0.557,0.152,8.8,72.1,44.2,64.1,6.1,9.5,18.4,111.6,117.7
2023-02-15 19:30:00,NYK,ATL,0,1,122,45,96,0.469,14,43,0.326,18,22,0.818,10,45,55,16,2,4,10,21,0.577,0.542,0.448,0.229,23.8,84.9,57.9,35.6,2.0,5.6,8.6,120.2,99.5,101,40,97,0.412,5,26,0.192,16,21,0.762,8,32,40,25,6,7,5,18,0.475,0.438,0.268,0.216,15.1,76.2,42.1,62.5,5.9,13.2,4.5,99.5,120.2
2023-02-13 19:30:00,NYK,BKN,1,1,124,45,82,0.549,15,34,0.441,19,26,0.731,6,32,38,18,4,3,8,24,0.664,0.64,0.415,0.317,17.1,76.2,49.4,40.0,4.4,6.1,7.9,134.9,115.3,106,35,78,0.449,12,29,0.414,24,33,0.727,10,29,39,18,3,3,10,19,0.573,0.526,0.372,0.423,23.8,82.9,50.6,51.4,3.3,6.3,9.8,115.3,134.9
2023-02-11 19:30:00,NYK,UTA,1,1,126,43,95,0.453,12,36,0.333,28,38,0.737,20,32,52,18,6,4,6,24,0.564,0.516,0.379,0.4,42.6,74.4,57.8,41.9,6.3,7.1,5.1,131.3,125.0,120,45,88,0.511,9,32,0.281,21,28,0.75,11,27,38,23,3,7,12,24,0.598,0.563,0.364,0.318,25.6,57.4,42.2,51.1,3.1,11.9,10.7,125.0,131.3
2023-02-10 19:00:00,NYK,PHI,0,0,108,43,81,0.531,11,32,0.344,11,16,0.688,4,31,35,23,1,5,12,17,0.613,0.599,0.395,0.198,10.5,83.8,46.7,53.5,1.1,10.9,12.0,114.3,125.9,119,44,84,0.524,14,38,0.368,17,22,0.773,6,34,40,27,8,2,8,15,0.635,0.607,0.452,0.262,16.2,89.5,53.3,61.4,8.5,4.1,7.9,125.9,114.3
2023-02-07 19:00:00,NYK,ORL,0,1,102,37,81,0.457,15,43,0.349,13,19,0.684,11,32,43,21,6,2,11,22,0.571,0.549,0.531,0.235,25.6,78.0,51.2,56.8,6.8,3.7,11.0,115.1,110.6,98,37,79,0.468,6,25,0.24,18,24,0.75,9,32,41,23,4,4,11,19,0.547,0.506,0.316,0.304,22.0,74.4,48.8,62.2,4.5,10.5,10.9,110.6,115.1
2023-02-05 18:00:00,NYK,PHI,1,1,108,34,79,0.43,12,36,0.333,28,39,0.718,14,35,49,21,5,1,12,28,0.562,0.506,0.456,0.494,28.0,81.4,52.7,61.8,5.4,2.0,11.1,116.9,105.0,97,30,74,0.405,7,25,0.28,30,36,0.833,8,36,44,23,4,4,12,23,0.54,0.453,0.338,0.486,18.6,72.0,47.3,76.7,4.3,9.3,11.8,105.0,116.9
2023-02-04 19:00:00,NYK,LAC,1,0,128,45,94,0.479,18,40,0.45,20,26,0.769,10,36,46,30,6,3,10,30,0.607,0.574,0.426,0.277,21.3,80.0,50.0,66.7,5.7,5.5,8.7,120.8,126.4,134,44,92,0.478,16,37,0.432,30,35,0.857,9,37,46,24,8,4,13,20,0.624,0.565,0.402,0.38,20.0,78.7,50.0,54.5,7.5,7.4,10.8,126.4,120.8
2023-02-02 19:30:00,NYK,MIA,1,1,106,40,83,0.482,12,36,0.333,14,18,0.778,11,33,44,25,8,0,18,17,0.583,0.554,0.434,0.217,31.4,78.6,57.1,62.5,8.6,0.0,16.5,113.3,111.2,104,39,87,0.448,13,36,0.361,13,16,0.813,9,24,33,24,8,3,11,15,0.553,0.523,0.414,0.184,21.4,68.6,42.9,61.5,8.6,6.4,10.5,111.2,113.3
2023-01-31 19:30:00,NYK,LAL,1,0,123,44,98,0.449,7,34,0.206,28,32,0.875,13,32,45,27,6,3,9,24,0.549,0.485,0.347,0.327,28.3,74.4,50.6,61.4,5.7,5.0,7.4,116.8,122.5,129,48,93,0.516,11,33,0.333,22,31,0.71,11,33,44,29,6,1,14,23,0.605,0.575,0.355,0.333,25.6,71.7,49.4,60.4,5.7,1.6,11.6,122.5,116.8
2023-01-28 17:30:00,NYK,BKN,0,0,115,45,88,0.511,10,28,0.357,15,19,0.789,14,31,45,19,4,4,11,14,0.597,0.568,0.318,0.216,35.0,77.5,56.3,42.2,4.4,8.5,10.2,126.2,133.9,122,46,87,0.529,22,40,0.55,8,14,0.571,9,26,35,31,5,3,9,17,0.655,0.655,0.46,0.161,22.5,65.0,43.8,67.4,5.5,5.0,8.8,133.9,126.2
2023-01-26 19:30:00,NYK,BOS,0,1,120,44,96,0.458,13,38,0.342,19,23,0.826,10,40,50,17,5,5,10,20,0.565,0.526,0.396,0.24,20.4,72.7,48.1,38.6,4.8,9.3,8.6,114.9,112.1,117,41,100,0.41,16,46,0.348,19,23,0.826,15,39,54,22,4,4,13,19,0.531,0.49,0.46,0.23,27.3,79.6,51.9,53.7,3.8,6.9,10.6,112.1,114.9
2023-01-24 19:30:00,NYK,CLE,1,1,105,37,75,0.493,17,33,0.515,14,21,0.667,9,33,42,25,4,3,17,18,0.623,0.607,0.44,0.28,22.5,76.7,50.6,67.6,4.3,5.6,16.8,113.5,111.4,103,40,87,0.46,12,33,0.364,11,16,0.688,10,31,41,29,8,4,12,19,0.548,0.529,0.379,0.184,23.3,77.5,49.4,72.5,8.7,9.5,11.3,111.4,113.5
2023-01-22 18:00:00,NYK,TOR,0,0,116,40,82,0.488,18,41,0.439,18,26,0.692,14,33,47,30,4,4,17,24,0.621,0.598,0.5,0.317,33.3,66.0,51.1,75.0,4.2,7.1,15.4,123.0,132.6,125,41,90,0.456,15,34,0.441,28,35,0.8,17,28,45,21,12,4,8,20,0.593,0.539,0.378,0.389,34.0,66.7,48.9,51.2,12.7,9.8,7.1,132.6,123.0
2023-01-20 19:30:00,NYK,ATL,0,0,124,49,83,0.59,13,30,0.433,13,17,0.765,9,25,34,27,5,3,12,15,0.685,0.669,0.361,0.205,26.5,64.1,46.6,55.1,5.3,4.5,11.7,131.4,147.3,139,56,100,0.56,13,34,0.382,14,16,0.875,14,25,39,27,6,4,7,16,0.649,0.625,0.34,0.16,35.9,73.5,53.4,48.2,6.4,7.5,6.1,147.3,131.4
2023-01-18 19:30:00,NYK,WAS,1,0,105,40,96,0.417,7,26,0.269,18,27,0.667,20,29,49,14,9,4,9,20,0.487,0.453,0.271,0.281,37.0,61.7,48.5,35.0,9.5,7.5,7.7,111.4,123.1,116,42,95,0.442,16,42,0.381,16,19,0.842,18,34,52,28,5,9,14,23,0.561,0.526,0.442,0.2,38.3,63.0,51.5,66.7,5.3,12.9,11.9,123.1,111.4
2023-01-16 15:00:00,NYK,TOR,1,0,121,42,99,0.424,9,31,0.29,28,35,0.8,20,34,54,17,3,5,12,28,0.529,0.47,0.313,0.354,41.7,70.8,56.3,40.5,3.0,9.6,9.5,121.1,123.1,123,38,96,0.396,13,44,0.295,34,41,0.829,14,28,42,27,8,12,6,25,0.539,0.464,0.458,0.427,29.2,58.3,43.8,71.1,8.0,17.6,5.0,123.1,121.1
2023-01-15 13:00:00,NYK,DET,0,1,117,40,88,0.455,12,30,0.4,25,31,0.806,18,34,52,17,3,6,8,12,0.576,0.523,0.341,0.352,38.3,79.1,57.8,42.5,3.3,15.4,7.3,130.4,115.9,104,37,83,0.446,18,44,0.409,12,15,0.8,9,29,38,23,4,4,12,22,0.58,0.554,0.53,0.181,20.9,61.7,42.2,62.2,4.5,6.9,11.8,115.9,130.4
2023-01-13 19:00:00,NYK,WAS,0,1,112,41,92,0.446,8,29,0.276,22,31,0.71,14,40,54,15,3,6,7,23,0.53,0.489,0.315,0.337,26.9,76.9,51.9,36.6,3.1,11.8,6.2,115.4,111.3,108,36,93,0.387,13,42,0.31,23,26,0.885,12,38,50,18,3,4,8,23,0.517,0.457,0.452,0.28,23.1,73.1,48.1,50.0,3.1,6.3,7.1,111.3,115.4
2023-01-11 19:30:00,NYK,IND,1,1,119,38,84,0.452,15,42,0.357,28,33,0.848,12,38,50,21,9,4,15,16,0.604,0.542,0.5,0.393,26.7,82.6,54.9,55.3,8.9,7.8,13.2,118.0,112.0,113,43,90,0.478,12,39,0.308,15,21,0.714,8,33,41,27,8,5,13,25,0.569,0.544,0.433,0.233,17.4,73.3,45.1,62.8,7.9,11.9,11.6,112.0,118.0
2023-01-09 19:30:00,NYK,MIL,1,0,107,38,100,0.38,11,41,0.268,20,22,0.909,18,30,48,16,8,1,7,14,0.488,0.435,0.41,0.22,33.3,71.4,50.0,42.1,8.5,2.5,6.0,113.5,117.7,111,39,89,0.438,19,49,0.388,14,18,0.778,12,36,48,27,3,5,14,17,0.573,0.545,0.551,0.202,28.6,66.7,50.0,69.2,3.2,8.5,12.6,117.7,113.5
2023-01-06 19:30:00,NYK,TOR,0,1,112,39,83,0.47,16,37,0.432,18,26,0.692,13,38,51,19,3,4,13,23,0.593,0.566,0.446,0.313,27.7,76.0,52.6,48.7,3.2,7.4,12.1,121.0,116.7,108,35,83,0.422,10,29,0.345,28,35,0.8,12,34,46,22,7,3,7,23,0.549,0.482,0.349,0.422,24.0,72.3,47.4,62.9,7.6,6.5,6.6,116.7,121.0
2023-01-04 19:30:00,NYK,SAS,1,1,117,45,94,0.479,10,31,0.323,17,26,0.654,14,33,47,16,7,6,14,21,0.555,0.532,0.33,0.277,32.6,78.6,55.3,35.6,7.0,11.1,11.7,116.2,113.2,114,41,82,0.5,11,28,0.393,21,26,0.808,9,29,38,25,5,3,17,24,0.61,0.567,0.341,0.317,21.4,67.4,44.7,61.0,5.0,4.8,15.4,113.2,116.2
2023-01-02 15:00:00,NYK,PHX,1,1,102,36,74,0.486,13,33,0.394,17,25,0.68,5,40,45,26,1,2,8,13,0.6,0.574,0.446,0.338,13.9,88.9,55.6,72.2,1.1,4.0,8.6,114.7,93.3,83,34,87,0.391,10,37,0.27,5,7,0.714,5,31,36,22,4,0,8,17,0.461,0.448,0.425,0.08,11.1,86.1,44.4,64.7,4.5,0.0,8.2,93.3,114.7
2022-12-31 19:00:00,NYK,HOU,0,1,108,35,90,0.389,15,51,0.294,23,32,0.719,16,30,46,20,10,5,10,20,0.519,0.472,0.567,0.356,28.6,71.4,46.9,57.1,10.4,16.1,8.8,112.2,91.4,88,29,77,0.377,14,46,0.304,16,23,0.696,12,40,52,20,4,6,25,24,0.505,0.468,0.597,0.299,28.6,71.4,53.1,69.0,4.2,15.4,22.3,91.4,112.2
2022-12-29 20:00:00,NYK,SAS,0,0,115,38,90,0.422,15,41,0.366,24,31,0.774,13,25,38,20,7,2,13,21,0.555,0.506,0.456,0.344,27.7,64.1,44.2,52.6,7.1,3.3,11.1,117.3,124.4,122,45,88,0.511,11,28,0.393,21,29,0.724,14,34,48,25,5,7,13,23,0.605,0.574,0.318,0.33,35.9,72.3,55.8,55.6,5.1,14.3,11.4,124.4,117.3
2022-12-27 20:30:00,NYK,DAL,0,0,121,45,103,0.437,16,50,0.32,15,24,0.625,17,38,55,27,5,0,10,23,0.533,0.515,0.485,0.233,29.8,84.4,53.9,60.0,4.8,0.0,8.1,116.0,120.8,126,44,90,0.489,13,46,0.283,25,33,0.758,7,40,47,20,4,5,9,25,0.603,0.561,0.511,0.367,15.6,70.2,46.1,45.5,3.8,9.4,7.9,120.8,116.0
2022-12-25 12:00:00,NYK,PHI,1,0,112,43,90,0.478,12,32,0.375,14,17,0.824,12,34,46,30,4,6,8,19,0.574,0.544,0.356,0.189,30.8,87.2,59.0,69.8,4.4,15.8,7.6,124.0,131.7,119,39,77,0.506,18,39,0.462,23,29,0.793,5,27,32,22,5,2,8,19,0.663,0.623,0.506,0.377,12.8,69.2,41.0,56.4,5.5,3.4,8.2,131.7,124.0
2022-12-23 19:30:00,NYK,CHI,1,0,117,43,86,0.5,16,35,0.457,15,26,0.577,12,35,47,23,2,4,10,17,0.6,0.593,0.407,0.302,28.6,76.1,53.4,53.5,2.2,6.5,9.3,126.4,127.4,118,45,93,0.484,14,31,0.452,14,18,0.778,11,30,41,24,6,4,4,22,0.585,0.559,0.333,0.194,23.9,71.4,46.6,53.3,6.5,7.8,3.8,127.4,126.4
2022-12-21 19:30:00,NYK,TOR,1,0,106,42,76,0.553,11,26,0.423,11,18,0.611,9,29,38,25,2,3,17,19,0.632,0.625,0.342,0.237,29.0,64.4,50.0,59.5,2.3,5.0,16.8,119.3,127.2,113,42,94,0.447,9,34,0.265,20,22,0.909,16,22,38,17,7,4,5,16,0.545,0.495,0.362,0.234,35.6,71.0,50.0,40.5,7.9,8.0,4.6,127.2,119.3
2022-12-20 19:30:00,NYK,GSW,1,1,132,45,87,0.517,17,40,0.425,25,32,0.781,14,33,47,27,8,1,12,15,0.653,0.615,0.46,0.368,35.9,89.2,61.8,60.0,8.4,2.6,10.6,138.7,98.8,94,35,74,0.473,12,35,0.343,12,13,0.923,4,25,29,23,3,2,20,22,0.59,0.554,0.473,0.176,10.8,64.1,38.2,65.7,3.2,4.3,20.1,98.8,138.7
2022-12-18 17:00:00,NYK,IND,0,1,109,39,83,0.47,8,26,0.308,23,30,0.767,14,35,49,13,7,9,16,21,0.567,0.518,0.313,0.361,30.4,74.5,52.7,33.3,7.1,17.3,14.3,110.7,107.6,106,39,90,0.433,13,38,0.342,15,23,0.652,12,32,44,20,5,3,15,28,0.529,0.506,0.422,0.256,25.5,69.6,47.3,51.3,5.1,5.3,13.0,107.6,110.7
2022-12-16 20:00:00,NYK,CHI,0,1,114,37,92,0.402,17,44,0.386,23,32,0.719,15,35,50,19,13,2,12,13,0.537,0.495,0.478,0.348,28.8,94.6,56.2,51.4,13.2,4.3,10.2,115.4,92.1,91,36,77,0.468,12,30,0.4,7,8,0.875,2,37,39,26,3,2,20,25,0.565,0.545,0.39,0.104,5.4,71.2,43.8,72.2,3.0,4.2,19.9,92.1,115.4
2022-12-14 19:30:00,NYK,CHI,0,1,128,45,91,0.495,18,34,0.529,20,25,0.8,15,33,48,25,7,5,18,25,0.627,0.593,0.374,0.275,34.9,91.7,60.8,55.6,6.9,8.9,15.0,126.0,118.1,120,46,84,0.548,9,28,0.321,19,22,0.864,3,28,31,25,6,7,12,18,0.64,0.601,0.333,0.262,8.3,65.1,39.2,54.3,5.9,12.3,11.4,118.1,126.0
2022-12-11 18:00:00,NYK,SAC,1,1,112,40,89,0.449,8,35,0.229,24,27,0.889,15,40,55,19,8,4,17,22,0.555,0.494,0.393,0.303,33.3,78.4,57.3,47.5,7.9,9.1,14.4,111.0,98.1,99,33,83,0.398,10,39,0.256,23,35,0.657,11,30,41,20,7,0,17,21,0.503,0.458,0.47,0.422,21.6,66.7,42.7,60.6,6.9,0.0,14.7,98.1,111.0
2022-12-09 19:00:00,NYK,CHA,0,1,121,41,93,0.441,13,34,0.382,26,30,0.867,16,32,48,25,6,7,14,21,0.57,0.511,0.366,0.323,32.7,72.7,51.6,61.0,6.1,12.1,11.6,123.9,104.4,102,37,84,0.44,6,26,0.231,22,28,0.786,12,33,45,16,8,6,13,26,0.529,0.476,0.31,0.333,27.3,67.3,48.4,43.2,8.2,10.2,11.9,104.4,123.9
2022-12-07 19:30:00,NYK,ATL,1,1,113,37,83,0.446,17,36,0.472,22,24,0.917,13,42,55,26,6,2,14,23,0.604,0.548,0.434,0.289,31.7,79.2,58.5,70.3,6.5,4.1,13.0,122.3,96.3,89,32,85,0.376,6,36,0.167,19,24,0.792,11,28,39,16,4,6,11,17,0.466,0.412,0.424,0.282,20.8,68.3,41.5,50.0,4.3,12.8,10.3,96.3,122.3
2022-12-04 18:00:00,NYK,CLE,1,1,92,35,86,0.407,5,29,0.172,17,21,0.81,14,40,54,17,6,3,21,16,0.483,0.436,0.337,0.244,31.1,83.3,58.1,48.6,6.0,6.3,18.1,92.6,81.5,81,29,83,0.349,8,35,0.229,15,20,0.75,8,31,39,17,7,6,19,15,0.441,0.398,0.422,0.241,16.7,68.9,41.9,58.6,7.0,10.5,17.1,81.5,92.6
2022-12-03 12:30:00,NYK,DAL,1,0,100,35,77,0.455,10,31,0.323,20,28,0.714,7,38,45,18,7,1,20,17,0.56,0.519,0.403,0.364,16.3,73.1,47.4,51.4,7.0,2.6,18.3,99.5,120.4,121,43,100,0.43,24,61,0.393,11,14,0.786,14,36,50,27,7,5,11,20,0.57,0.55,0.61,0.14,26.9,83.7,52.6,62.8,7.0,10.9,9.4,120.4,99.5
2022-11-30 19:30:00,NYK,MIL,1,0,103,42,100,0.42,6,30,0.2,13,20,0.65,19,36,55,18,2,3,8,20,0.473,0.45,0.3,0.2,33.3,72.0,51.4,42.9,2.1,5.5,6.8,110.5,116.9,109,39,90,0.433,10,35,0.286,21,26,0.808,14,38,52,23,3,6,6,15,0.537,0.489,0.389,0.289,28.0,66.7,48.6,59.0,3.2,8.6,5.6,116.9,110.5
2022-11-29 19:00:00,NYK,DET,0,1,140,54,96,0.563,16,35,0.457,16,21,0.762,17,34,51,31,9,1,14,19,0.665,0.646,0.365,0.219,42.5,82.9,63.0,57.4,9.1,2.3,11.7,140.8,110.7,110,42,83,0.506,13,39,0.333,13,20,0.65,7,23,30,28,7,4,16,17,0.599,0.584,0.47,0.241,17.1,57.5,37.0,66.7,7.0,6.6,14.8,110.7,140.8
2022-11-27 18:00:00,NYK,MEM,1,0,123,44,87,0.506,10,30,0.333,25,30,0.833,12,30,42,30,3,7,8,27,0.614,0.563,0.345,0.345,26.1,65.2,45.7,68.2,3.1,11.1,7.4,126.0,130.1,127,46,95,0.484,12,32,0.375,23,31,0.742,16,34,50,32,4,2,11,23,0.584,0.547,0.337,0.326,34.8,73.9,54.3,69.6,4.1,3.5,9.2,130.1,126.0
2022-11-25 19:30:00,NYK,POR,1,0,129,46,105,0.438,13,41,0.317,24,28,0.857,12,32,44,27,7,5,10,35,0.55,0.5,0.39,0.267,25.5,71.1,47.8,58.7,6.5,9.4,7.9,119.9,122.7,132,42,85,0.494,10,32,0.313,38,51,0.745,13,35,48,24,3,3,13,24,0.614,0.553,0.376,0.6,28.9,74.5,52.2,57.1,2.8,4.7,10.8,122.7,119.9
2022-11-21 20:00:00,NYK,OKC,0,1,129,51,97,0.526,11,34,0.324,16,20,0.8,14,34,48,21,10,2,15,28,0.61,0.582,0.351,0.206,34.1,75.6,55.8,41.2,9.7,3.1,12.4,125.1,115.4,119,43,88,0.489,8,24,0.333,25,32,0.781,11,27,38,25,5,5,14,18,0.583,0.534,0.273,0.364,24.4,65.9,44.2,58.1,4.8,7.9,12.1,115.4,125.1
2022-11-20 15:30:00,NYK,PHX,0,0,95,34,85,0.4,7,25,0.28,20,25,0.8,10,29,39,20,4,7,11,15,0.495,0.441,0.294,0.294,20.8,56.9,39.4,58.8,4.2,11.3,10.3,100.5,122.7,116,43,101,0.426,17,39,0.436,13,18,0.722,22,38,60,35,3,8,13,22,0.533,0.51,0.386,0.178,43.1,79.2,60.6,81.4,3.2,13.3,10.7,122.7,100.5
2022-11-18 22:00:00,NYK,GSW,0,0,101,30,87,0.345,9,34,0.265,32,34,0.941,13,32,45,16,8,7,16,16,0.495,0.397,0.391,0.391,25.0,72.7,46.9,53.3,7.9,17.1,13.6,99.1,109.0,111,41,91,0.451,18,50,0.36,11,20,0.55,12,39,51,32,8,3,18,26,0.556,0.549,0.549,0.22,27.3,75.0,53.1,78.0,7.9,5.7,15.3,109.0,99.1
2022-11-16 22:00:00,NYK,DEN,0,1,106,37,84,0.44,8,34,0.235,24,31,0.774,6,34,40,24,12,5,8,18,0.543,0.488,0.405,0.369,15.0,81.0,48.8,64.9,12.5,11.4,7.6,110.1,107.0,103,36,82,0.439,14,38,0.368,17,20,0.85,8,34,42,18,3,5,15,25,0.567,0.524,0.463,0.244,19.0,85.0,51.2,50.0,3.1,10.0,14.2,107.0,110.1
2022-11-15 21:00:00,NYK,UTA,0,1,118,44,93,0.473,11,32,0.344,19,25,0.76,13,30,43,26,10,3,14,25,0.567,0.532,0.344,0.269,27.7,66.7,46.7,59.1,9.9,7.5,11.9,117.0,110.0,111,36,83,0.434,14,43,0.326,25,30,0.833,15,34,49,29,7,5,21,22,0.577,0.518,0.518,0.361,33.3,72.3,53.3,80.6,6.9,8.2,17.9,110.0,117.0
2022-11-13 12:00:00,NYK,OKC,1,0,135,48,97,0.495,10,31,0.323,29,33,0.879,13,22,35,25,13,2,13,18,0.605,0.546,0.32,0.34,27.7,84.6,47.9,52.1,11.9,3.5,10.4,123.7,132.9,145,55,88,0.625,17,31,0.548,18,20,0.9,4,34,38,31,9,5,19,27,0.749,0.722,0.352,0.227,15.4,72.3,52.1,56.4,8.2,7.6,16.4,132.9,123.7
2022-11-11 19:30:00,NYK,DET,1,1,121,42,94,0.447,10,40,0.25,27,29,0.931,16,31,47,23,7,3,11,31,0.567,0.5,0.426,0.309,34.0,72.1,52.2,54.8,7.1,6.1,9.3,123.3,114.2,112,37,80,0.463,7,31,0.226,31,41,0.756,12,31,43,22,6,6,15,23,0.571,0.506,0.388,0.513,27.9,66.0,47.8,59.5,6.1,11.1,13.3,114.2,123.3
2022-11-09 19:30:00,NYK,BKN,0,0,85,28,87,0.322,12,43,0.279,17,26,0.654,11,35,46,21,5,4,15,18,0.432,0.391,0.494,0.299,20.0,76.1,45.5,75.0,5.0,7.5,13.2,85.7,113.0,112,42,87,0.483,14,34,0.412,14,20,0.7,11,44,55,30,11,5,15,22,0.585,0.563,0.391,0.23,23.9,80.0,54.5,71.4,11.1,11.4,13.5,113.0,85.7
2022-11-07 21:15:00,NYK,MIN,0,1,120,39,89,0.438,19,48,0.396,23,25,0.92,9,34,43,26,13,2,19,23,0.6,0.545,0.539,0.281,20.5,89.5,52.4,66.7,12.3,5.0,16.0,113.8,101.5,107,38,81,0.469,11,41,0.268,20,24,0.833,4,35,39,28,7,8,18,18,0.584,0.537,0.506,0.296,10.5,79.5,47.6,73.7,6.6,19.5,16.4,101.5,113.8
2022-11-05 19:30:00,NYK,BOS,1,0,118,46,90,0.511,11,27,0.407,15,16,0.938,12,32,44,22,6,4,14,14,0.608,0.572,0.3,0.178,31.6,80.0,56.4,47.8,6.2,10.8,12.6,122.6,138.1,133,47,88,0.534,27,51,0.529,12,12,1.0,8,26,34,30,5,2,13,17,0.713,0.688,0.58,0.136,20.0,68.4,43.6,63.8,5.2,3.2,12.2,138.1,122.6
2022-11-04 19:00:00,NYK,PHI,0,1,106,37,80,0.463,9,33,0.273,23,27,0.852,10,40,50,24,5,8,22,21,0.577,0.519,0.413,0.338,24.4,75.5,53.2,64.9,4.8,15.7,19.3,102.4,100.5,104,37,98,0.378,13,47,0.277,17,21,0.81,13,31,44,27,12,8,15,25,0.485,0.444,0.48,0.214,24.5,75.6,46.8,73.0,11.6,17.0,12.3,100.5,102.4
2022-11-02 19:30:00,NYK,ATL,1,0,99,37,90,0.411,10,36,0.278,15,20,0.75,12,40,52,23,3,9,17,19,0.501,0.467,0.4,0.222,26.1,70.2,50.5,62.2,3.0,12.3,14.7,97.8,110.6,112,44,107,0.411,12,34,0.353,12,16,0.75,17,34,51,28,11,4,9,18,0.491,0.467,0.318,0.15,29.8,73.9,49.5,63.6,10.9,7.4,7.3,110.6,97.8
2022-10-30 18:00:00,NYK,CLE,0,0,108,45,92,0.489,10,27,0.37,8,16,0.5,12,33,45,26,9,2,14,25,0.545,0.543,0.293,0.174,26.7,76.7,51.1,57.8,9.1,5.1,12.4,109.3,122.4,121,41,89,0.461,23,50,0.46,16,19,0.842,10,33,43,33,3,5,14,22,0.621,0.59,0.562,0.213,23.3,73.3,48.9,80.5,3.0,7.7,12.6,122.4,109.3
2022-10-28 20:00:00,NYK,MIL,0,0,108,37,93,0.398,12,35,0.343,22,32,0.688,13,41,54,19,6,5,13,19,0.504,0.462,0.376,0.344,24.1,68.3,47.4,51.4,5.8,7.8,10.8,103.6,114.2,119,42,109,0.385,13,45,0.289,22,27,0.815,19,41,60,23,8,8,7,23,0.492,0.445,0.413,0.248,31.7,75.9,52.6,54.8,7.7,13.8,5.5,114.2,103.6
2022-10-26 19:30:00,NYK,CHA,1,1,134,52,97,0.536,11,30,0.367,19,22,0.864,12,34,46,26,5,11,16,24,0.628,0.593,0.309,0.227,26.7,79.1,52.3,50.0,4.5,16.2,13.0,119.8,117.1,131,49,99,0.495,13,31,0.419,20,30,0.667,9,33,42,31,9,5,15,24,0.584,0.561,0.313,0.303,20.9,73.3,47.7,63.3,8.0,7.5,11.8,117.1,119.8
2022-10-24 19:30:00,NYK,ORL,1,1,115,43,93,0.462,11,37,0.297,18,25,0.72,18,32,50,24,7,3,14,24,0.553,0.522,0.398,0.269,39.1,71.1,54.9,55.8,7.4,5.9,11.9,120.8,107.1,102,36,86,0.419,7,35,0.2,23,27,0.852,13,28,41,14,6,4,13,23,0.521,0.459,0.407,0.314,28.9,60.9,45.1,38.9,6.3,7.1,11.7,107.1,120.8
2022-10-21 19:30:00,NYK,DET,1,1,130,50,95,0.526,16,38,0.421,14,22,0.636,11,39,50,29,4,6,12,26,0.621,0.611,0.4,0.232,23.4,75.0,50.5,58.0,3.8,11.1,10.3,124.6,101.6,106,39,90,0.433,9,36,0.25,19,32,0.594,13,36,49,26,6,2,15,21,0.509,0.483,0.4,0.356,25.0,76.6,49.5,66.7,5.8,3.5,12.6,101.6,124.6
2022-10-19 19:30:00,NYK,MEM,0,0,112,44,109,0.404,9,37,0.243,15,18,0.833,18,36,54,28,7,5,12,26,0.479,0.445,0.339,0.165,29.0,64.3,45.8,63.6,6.5,8.6,9.3,104.7,107.5,115,42,108,0.389,17,50,0.34,14,23,0.609,20,44,64,27,6,7,14,17,0.487,0.468,0.463,0.213,35.7,71.0,54.2,64.3,5.6,9.7,10.6,107.5,104.7
2022-04-10 19:00:00,NYK,TOR,1,1,105,40,87,0.46,15,43,0.349,10,12,0.833,10,38,48,32,6,5,17,17,0.569,0.546,0.494,0.138,22.7,80.9,52.7,80.0,6.1,10.0,15.6,107.0,95.8,94,36,92,0.391,12,42,0.286,10,11,0.909,9,34,43,27,10,2,14,17,0.485,0.457,0.457,0.12,19.1,77.3,47.3,75.0,10.2,4.5,12.6,95.8,107.0
2022-04-08 19:00:00,NYK,WAS,0,1,114,41,88,0.466,16,39,0.41,16,20,0.8,10,32,42,27,13,3,10,19,0.589,0.557,0.443,0.227,22.2,94.1,53.2,65.9,13.6,7.3,9.4,119.7,96.6,92,35,69,0.507,9,28,0.321,13,17,0.765,2,35,37,21,5,5,22,19,0.601,0.572,0.406,0.246,5.9,77.8,46.8,60.0,5.2,10.2,22.3,96.6,119.7
2022-04-06 19:30:00,NYK,BKN,1,0,98,32,83,0.386,13,38,0.342,21,36,0.583,10,32,42,22,4,7,11,19,0.496,0.464,0.458,0.434,21.7,71.1,46.2,68.8,4.1,13.5,10.0,100.7,113.0,110,41,93,0.441,14,41,0.341,14,18,0.778,13,36,49,28,7,6,14,26,0.545,0.516,0.441,0.194,28.9,78.3,53.8,68.3,7.2,13.3,12.2,113.0,100.7
2022-04-03 18:00:00,NYK,ORL,0,1,118,45,93,0.484,15,44,0.341,13,16,0.813,13,43,56,29,9,7,10,22,0.59,0.565,0.473,0.172,28.9,84.3,58.3,64.4,9.4,17.1,9.1,122.8,91.6,88,30,85,0.353,12,44,0.273,16,27,0.593,8,32,40,18,5,2,11,12,0.454,0.424,0.518,0.318,15.7,71.1,41.7,60.0,5.2,4.1,10.2,91.6,122.8
2022-04-02 13:00:00,NYK,CLE,1,0,101,31,77,0.403,13,30,0.433,26,34,0.765,6,29,35,19,6,4,11,19,0.549,0.487,0.39,0.442,14.3,80.6,44.9,61.3,6.4,8.5,10.7,107.3,126.4,119,44,81,0.543,15,34,0.441,16,21,0.762,7,36,43,26,6,3,12,24,0.659,0.636,0.42,0.259,19.4,85.7,55.1,59.1,6.4,6.4,11.7,126.4,107.3
2022-03-30 19:30:00,NYK,CHA,1,0,114,40,85,0.471,16,44,0.364,18,26,0.692,11,32,43,23,5,5,14,19,0.591,0.565,0.518,0.306,25.6,80.0,51.8,57.5,5.1,9.1,12.7,115.7,126.8,125,49,90,0.544,12,35,0.343,15,17,0.882,8,32,40,39,7,3,12,21,0.641,0.611,0.389,0.189,20.0,74.4,48.2,79.6,7.1,7.3,11.0,126.8,115.7
2022-03-28 19:30:00,NYK,CHI,1,1,109,38,89,0.427,12,35,0.343,21,35,0.6,13,33,46,19,4,4,6,22,0.522,0.494,0.393,0.393,24.1,84.6,49.5,50.0,4.1,7.1,5.4,112.0,106.9,104,34,79,0.43,6,23,0.261,30,33,0.909,6,41,47,16,6,3,14,24,0.556,0.468,0.291,0.418,15.4,75.9,50.5,47.1,6.2,5.6,13.0,106.9,112.0
2022-03-27 15:30:00,NYK,DET,0,1,104,34,85,0.4,13,41,0.317,23,29,0.793,13,38,51,19,8,8,14,16,0.532,0.476,0.482,0.341,31.7,80.9,58.0,55.9,8.6,14.3,12.5,111.8,109.6,102,39,85,0.459,8,29,0.276,16,18,0.889,9,28,37,23,8,5,10,21,0.549,0.506,0.341,0.212,19.1,68.3,42.0,59.0,8.6,11.4,9.7,109.6,111.8
2022-03-25 20:00:00,NYK,MIA,0,1,111,36,82,0.439,17,50,0.34,22,28,0.786,17,25,42,23,8,2,11,24,0.588,0.543,0.61,0.341,38.6,75.8,54.5,63.9,9.4,5.4,10.4,129.7,120.4,103,35,70,0.5,12,33,0.364,21,25,0.84,8,27,35,18,6,3,15,25,0.636,0.586,0.471,0.357,24.2,61.4,45.5,51.4,7.0,9.4,15.6,120.4,129.7
2022-03-23 19:00:00,NYK,CHA,0,1,121,43,83,0.518,20,45,0.444,15,17,0.882,6,34,40,30,5,3,9,17,0.669,0.639,0.542,0.205,16.2,70.8,47.1,69.8,5.4,7.0,9.0,131.5,115.2,106,42,89,0.472,13,46,0.283,9,17,0.529,14,31,45,26,5,4,11,18,0.549,0.545,0.517,0.191,29.2,83.8,52.9,61.9,5.4,10.5,10.2,115.2,131.5
2022-03-22 19:30:00,NYK,ATL,1,0,111,42,86,0.488,13,34,0.382,14,26,0.538,14,27,41,20,12,4,14,23,0.57,0.564,0.395,0.302,29.8,73.0,48.8,47.6,12.6,8.9,12.6,116.6,123.0,117,40,81,0.494,15,36,0.417,22,27,0.815,10,33,43,26,7,5,14,18,0.63,0.586,0.444,0.333,27.0,70.2,51.2,65.0,7.4,9.6,13.1,123.0,116.6
2022-03-20 19:30:00,NYK,UTA,1,0,93,31,83,0.373,16,40,0.4,15,21,0.714,10,27,37,20,7,2,11,19,0.504,0.47,0.482,0.253,20.0,75.0,43.0,64.5,7.9,7.1,10.7,104.4,121.2,108,34,74,0.459,17,46,0.37,23,29,0.793,9,40,49,16,9,11,12,17,0.622,0.574,0.622,0.392,25.0,80.0,57.0,47.1,10.1,25.6,12.2,121.2,104.4
2022-03-18 19:30:00,NYK,WAS,1,1,100,31,90,0.344,10,33,0.303,28,36,0.778,19,41,60,18,9,3,13,20,0.472,0.4,0.367,0.4,35.2,93.2,61.2,58.1,9.4,6.7,10.9,104.0,100.9,97,34,79,0.43,13,34,0.382,16,21,0.762,3,35,38,19,2,6,13,27,0.55,0.513,0.43,0.266,6.8,64.8,38.8,55.9,2.1,10.5,12.8,100.9,104.0
2022-03-16 19:30:00,NYK,POR,1,1,128,40,80,0.5,16,38,0.421,32,39,0.821,9,38,47,31,9,8,11,14,0.659,0.6,0.475,0.488,22.5,79.2,53.4,77.5,9.3,14.0,10.2,131.8,100.9,98,40,91,0.44,11,34,0.324,7,14,0.5,10,31,41,26,1,3,12,31,0.504,0.5,0.374,0.154,20.8,77.5,46.6,65.0,1.0,7.1,11.0,100.9,131.8
2022-03-13 13:00:00,NYK,BKN,0,0,107,39,83,0.47,11,29,0.379,18,21,0.857,11,29,40,27,8,5,17,21,0.58,0.536,0.349,0.253,28.9,70.7,50.6,69.2,8.3,8.3,15.6,111.2,114.3,110,44,89,0.494,6,29,0.207,16,22,0.727,12,27,39,30,11,3,14,19,0.557,0.528,0.326,0.247,29.3,71.1,49.4,68.2,11.4,5.6,12.4,114.3,111.2
2022-03-11 20:00:00,NYK,MEM,0,0,114,38,90,0.422,10,25,0.4,28,37,0.757,15,39,54,23,8,6,16,31,0.536,0.478,0.278,0.411,30.0,67.2,50.0,60.5,7.6,7.7,13.1,108.9,112.7,118,46,104,0.442,9,26,0.346,17,29,0.586,19,35,54,23,8,16,10,27,0.505,0.486,0.25,0.279,32.8,70.0,50.0,50.0,7.6,24.6,7.9,112.7,108.9
2022-03-09 20:30:00,NYK,DAL,0,1,107,36,84,0.429,9,34,0.265,26,33,0.788,14,41,55,20,3,3,13,25,0.543,0.482,0.405,0.393,35.9,77.4,59.8,55.6,3.3,7.1,11.7,117.9,84.9,77,27,86,0.314,6,44,0.136,17,25,0.68,12,25,37,11,3,4,8,24,0.397,0.349,0.512,0.291,22.6,64.1,40.2,40.7,3.3,8.0,7.6,84.9,117.9
2022-03-07 22:30:00,NYK,SAC,0,1,131,47,92,0.511,18,42,0.429,19,23,0.826,9,38,47,19,7,6,9,31,0.641,0.609,0.457,0.25,20.0,90.5,54.0,40.4,6.9,12.5,8.1,129.2,113.4,115,39,80,0.488,11,32,0.344,26,36,0.722,4,36,40,23,4,2,12,16,0.6,0.556,0.4,0.45,9.5,80.0,46.0,59.0,3.9,4.0,11.1,113.4,129.2
2022-03-06 22:00:00,NYK,LAC,0,1,116,42,89,0.472,13,29,0.448,19,30,0.633,15,42,57,19,4,5,10,18,0.568,0.545,0.326,0.337,30.6,82.4,57.0,45.2,4.2,9.3,8.9,120.8,96.9,93,33,88,0.375,11,34,0.324,16,22,0.727,9,34,43,17,2,5,10,23,0.476,0.438,0.386,0.25,17.6,69.4,43.0,51.5,2.1,8.3,9.3,96.9,120.8
2022-03-04 22:00:00,NYK,PHX,0,0,114,40,86,0.465,13,29,0.448,21,30,0.7,12,37,49,23,7,5,14,22,0.575,0.541,0.337,0.349,28.6,92.5,59.8,57.5,7.0,9.8,12.4,114.0,115.0,115,38,85,0.447,17,34,0.5,22,27,0.815,3,30,33,28,7,3,10,22,0.594,0.547,0.4,0.318,7.5,71.4,40.2,73.7,7.0,5.3,9.4,115.0,114.0
2022-03-02 19:30:00,NYK,PHI,0,0,108,39,91,0.429,8,28,0.286,22,32,0.688,10,30,40,20,9,3,10,25,0.514,0.473,0.308,0.352,20.8,85.7,48.2,51.3,9.0,7.7,8.7,108.6,123.7,123,39,75,0.52,17,36,0.472,28,33,0.848,5,38,43,24,2,8,14,25,0.687,0.633,0.48,0.44,14.3,79.2,51.8,61.5,2.0,12.7,13.5,123.7,108.6
2022-02-27 13:00:00,NYK,PHI,1,0,109,38,85,0.447,11,33,0.333,22,35,0.629,12,35,47,21,6,2,18,24,0.543,0.512,0.388,0.412,24.0,87.5,52.2,55.3,5.8,4.4,15.2,106.2,121.8,125,38,78,0.487,10,33,0.303,39,44,0.886,5,38,43,28,13,5,10,26,0.642,0.551,0.423,0.564,12.5,76.0,47.8,73.7,12.7,9.6,9.3,121.8,106.2
2022-02-25 19:30:00,NYK,MIA,1,0,100,30,75,0.4,14,40,0.35,26,36,0.722,5,40,45,19,4,1,18,30,0.55,0.493,0.533,0.48,11.1,90.9,50.6,63.3,3.9,2.0,16.5,97.7,112.3,115,39,83,0.47,11,32,0.344,26,35,0.743,4,40,44,22,13,5,10,28,0.584,0.536,0.386,0.422,9.1,88.9,49.4,56.4,12.7,14.3,9.2,112.3,97.7
2022-02-16 19:30:00,NYK,BKN,1,0,106,37,85,0.435,16,43,0.372,16,18,0.889,10,34,44,22,7,9,10,17,0.57,0.529,0.506,0.212,22.2,68.0,46.3,59.5,7.4,14.1,9.7,112.7,118.0,111,43,98,0.439,11,34,0.324,14,23,0.609,16,35,51,21,5,1,9,16,0.513,0.495,0.347,0.235,32.0,77.8,53.7,48.8,5.3,2.4,7.7,118.0,112.7
2022-02-14 19:30:00,NYK,OKC,1,0,123,45,108,0.417,15,50,0.3,18,22,0.818,19,37,56,28,8,12,14,25,0.523,0.486,0.463,0.204,33.3,82.2,54.9,62.2,7.4,19.4,10.6,113.4,117.1,127,48,96,0.5,13,34,0.382,18,27,0.667,8,38,46,28,9,1,11,19,0.589,0.568,0.354,0.281,17.8,66.7,45.1,58.3,8.3,1.7,9.3,117.1,113.4
2022-02-12 17:00:00,NYK,POR,0,0,103,31,81,0.383,12,39,0.308,29,34,0.853,9,32,41,19,6,6,13,24,0.537,0.457,0.481,0.42,17.6,78.0,44.6,61.3,6.1,13.6,11.9,104.7,113.8,112,40,84,0.476,15,40,0.375,17,20,0.85,9,42,51,29,3,2,17,26,0.603,0.565,0.476,0.238,22.0,82.4,55.4,72.5,3.0,4.8,15.5,113.8,104.7
2022-02-10 22:00:00,NYK,GSW,0,1,116,39,90,0.433,14,36,0.389,24,33,0.727,16,35,51,24,3,3,15,18,0.555,0.511,0.4,0.367,32.7,87.5,57.3,61.5,3.0,6.5,12.6,116.2,114.2,114,42,91,0.462,15,45,0.333,15,17,0.882,5,33,38,27,4,5,8,24,0.579,0.544,0.495,0.187,12.5,67.3,42.7,64.3,4.0,9.3,7.5,114.2,116.2
2022-02-08 21:00:00,NYK,DEN,0,0,115,45,101,0.446,15,43,0.349,10,12,0.833,14,27,41,25,9,3,9,25,0.541,0.52,0.426,0.119,25.9,69.2,44.1,55.6,9.1,6.5,7.8,116.9,134.1,132,46,85,0.541,16,39,0.41,24,31,0.774,12,40,52,31,5,1,13,18,0.669,0.635,0.459,0.365,30.8,74.1,55.9,67.4,5.1,1.7,11.6,134.1,116.9
2022-02-07 21:00:00,NYK,UTA,0,0,104,36,95,0.379,8,33,0.242,24,35,0.686,20,36,56,18,8,3,16,23,0.471,0.421,0.347,0.368,36.4,72.0,53.3,50.0,7.9,6.7,12.7,103.1,112.1,113,39,93,0.419,12,48,0.25,23,27,0.852,14,35,49,19,6,6,12,26,0.539,0.484,0.516,0.29,28.0,63.6,46.7,48.7,6.0,9.7,10.3,112.1,103.1
2022-02-05 20:30:00,NYK,LAL,0,0,115,39,98,0.398,11,38,0.289,26,36,0.722,15,41,56,24,8,4,14,26,0.505,0.454,0.388,0.367,25.9,74.5,49.6,61.5,7.2,5.9,11.0,103.8,110.1,122,48,102,0.471,9,34,0.265,17,28,0.607,14,43,57,29,8,7,13,23,0.534,0.515,0.333,0.275,25.5,74.1,50.4,60.4,7.2,11.7,10.2,110.1,103.8
2022-02-02 19:30:00,NYK,MEM,1,0,108,38,88,0.432,12,36,0.333,20,26,0.769,13,35,48,23,5,10,15,19,0.543,0.5,0.409,0.295,26.5,70.0,48.5,60.5,4.9,15.9,13.1,106.5,118.4,120,44,102,0.431,16,39,0.41,16,23,0.696,15,36,51,30,11,5,11,18,0.535,0.51,0.382,0.225,30.0,73.5,51.5,68.2,10.8,9.6,8.9,118.4,106.5
2022-01-31 19:30:00,NYK,SAC,1,1,116,40,80,0.5,13,35,0.371,23,29,0.793,8,39,47,25,12,5,17,20,0.625,0.581,0.438,0.363,22.9,81.3,56.6,62.5,12.0,10.4,15.5,116.1,96.1,96,37,86,0.43,11,38,0.289,11,22,0.5,9,27,36,24,6,5,16,23,0.502,0.494,0.442,0.256,18.8,77.1,43.4,64.9,6.0,11.1,14.3,96.1,116.1
2022-01-28 22:00:00,NYK,MIL,0,0,108,39,84,0.464,14,40,0.35,16,28,0.571,11,34,45,21,6,4,14,23,0.561,0.548,0.476,0.333,23.4,75.6,48.9,53.8,6.0,8.7,12.7,108.1,123.1,123,41,89,0.461,14,43,0.326,27,31,0.871,11,36,47,27,11,1,13,24,0.599,0.539,0.483,0.348,24.4,76.6,51.1,65.9,11.0,2.3,11.2,123.1,108.1
2022-01-26 19:30:00,NYK,MIA,0,0,96,35,83,0.422,15,44,0.341,11,17,0.647,15,29,44,24,8,4,18,23,0.531,0.512,0.53,0.205,32.6,80.6,53.7,68.6,8.6,10.8,16.6,103.1,118.2,110,37,74,0.5,16,37,0.432,20,22,0.909,7,31,38,30,8,3,20,23,0.657,0.608,0.5,0.297,19.4,67.4,46.3,81.1,8.6,7.7,19.3,118.2,103.1
2022-01-24 19:00:00,NYK,CLE,0,0,93,35,84,0.417,12,38,0.316,11,21,0.524,11,34,45,21,11,1,12,19,0.499,0.488,0.452,0.25,22.0,73.9,46.9,60.0,11.6,2.2,11.4,98.4,100.5,95,35,81,0.432,13,36,0.361,12,20,0.6,12,39,51,29,7,1,20,18,0.529,0.512,0.444,0.247,26.1,78.0,53.1,82.9,7.4,2.2,18.2,100.5,98.4
2022-01-23 13:00:00,NYK,LAC,1,1,110,39,91,0.429,16,36,0.444,16,19,0.842,15,37,52,26,6,4,13,22,0.554,0.516,0.396,0.209,30.6,86.0,56.5,66.7,6.3,10.5,11.6,115.3,106.9,102,34,79,0.43,14,41,0.341,20,30,0.667,6,34,40,20,7,6,12,19,0.553,0.519,0.519,0.38,14.0,69.4,43.5,58.8,7.3,10.9,11.5,106.9,115.3
2022-01-20 19:30:00,NYK,NOP,1,0,91,29,77,0.377,9,38,0.237,24,36,0.667,14,34,48,21,6,5,15,21,0.49,0.435,0.494,0.468,30.4,91.9,57.8,72.4,6.5,10.4,13.9,98.8,110.7,102,38,76,0.5,11,28,0.393,15,22,0.682,3,32,35,27,10,2,12,26,0.595,0.572,0.368,0.289,8.1,69.6,42.2,71.1,10.9,5.1,12.3,110.7,98.8
2022-01-18 19:30:00,NYK,MIN,1,0,110,37,80,0.463,12,38,0.316,24,33,0.727,11,33,44,21,6,7,18,30,0.582,0.538,0.475,0.413,26.8,80.5,53.7,56.8,6.0,17.5,16.0,110.9,112.9,112,35,81,0.432,13,41,0.317,29,38,0.763,8,30,38,21,10,6,13,25,0.573,0.512,0.506,0.469,19.5,73.2,46.3,60.0,10.1,14.3,11.7,112.9,110.9
2022-01-17 13:00:00,NYK,CHA,1,0,87,32,80,0.4,12,34,0.353,11,21,0.524,14,39,53,22,7,4,15,19,0.487,0.475,0.425,0.263,29.8,86.7,57.6,68.8,7.7,8.5,14.4,96.3,107.3,97,36,86,0.419,14,39,0.359,11,17,0.647,6,33,39,23,6,2,7,14,0.519,0.5,0.453,0.198,13.3,70.2,42.4,63.9,6.6,4.3,7.0,107.3,96.3
2022-01-15 19:30:00,NYK,ATL,0,1,117,42,83,0.506,13,31,0.419,20,26,0.769,11,33,44,24,2,0,11,20,0.619,0.584,0.373,0.313,28.9,89.2,58.7,57.1,2.2,0.0,10.4,128.0,118.1,108,40,80,0.5,16,44,0.364,12,17,0.706,4,27,31,23,5,5,9,20,0.617,0.6,0.55,0.213,10.8,71.1,41.3,57.5,5.5,9.6,9.3,118.1,128.0
2022-01-12 19:30:00,NYK,DAL,1,1,108,42,90,0.467,12,27,0.444,12,15,0.8,11,43,54,24,5,4,9,21,0.559,0.533,0.3,0.167,24.4,89.6,58.1,57.1,5.4,9.8,8.5,116.2,91.4,85,32,78,0.41,8,37,0.216,13,19,0.684,5,34,39,16,6,2,13,18,0.492,0.462,0.474,0.244,10.4,75.6,41.9,50.0,6.5,3.2,13.1,91.4,116.2
2022-01-10 19:30:00,NYK,SAS,1,1,111,40,82,0.488,13,32,0.406,18,24,0.75,9,40,49,23,7,9,15,22,0.6,0.567,0.39,0.293,23.1,75.5,53.3,57.5,7.3,13.6,13.9,115.3,99.7,96,39,95,0.411,8,29,0.276,10,15,0.667,13,30,43,19,7,7,10,18,0.472,0.453,0.305,0.158,24.5,76.9,46.7,48.7,7.3,14.0,9.0,99.7,115.3
2022-01-08 19:30:00,NYK,BOS,0,0,75,29,79,0.367,11,31,0.355,6,15,0.4,11,29,40,13,8,4,14,15,0.438,0.437,0.392,0.19,23.4,76.3,47.1,44.8,9.3,8.5,14.1,87.6,115.7,99,36,76,0.474,12,29,0.414,15,17,0.882,9,36,45,26,8,8,12,15,0.593,0.553,0.382,0.224,23.7,76.6,52.9,72.2,9.3,16.7,12.6,115.7,87.6
2022-01-06 19:30:00,NYK,BOS,1,1,108,40,90,0.444,18,36,0.5,10,15,0.667,11,31,42,23,8,1,11,17,0.559,0.544,0.4,0.167,26.8,79.5,52.5,57.5,8.8,2.9,10.2,118.9,115.6,105,38,80,0.475,17,45,0.378,12,13,0.923,8,30,38,22,5,10,13,16,0.612,0.581,0.563,0.163,20.5,73.2,47.5,57.9,5.5,18.5,13.2,115.6,118.9
2022-01-04 19:30:00,NYK,IND,1,1,104,39,80,0.488,6,28,0.214,20,28,0.714,14,37,51,17,6,0,10,23,0.563,0.525,0.35,0.35,35.0,80.4,59.3,43.6,6.8,0.0,9.8,117.2,106.0,94,32,76,0.421,9,38,0.237,21,32,0.656,9,26,35,22,3,3,12,20,0.522,0.48,0.5,0.421,19.6,65.0,40.7,68.8,3.4,5.8,11.8,106.0,117.2
2022-01-02 15:30:00,NYK,TOR,0,0,105,35,78,0.449,12,36,0.333,23,28,0.821,7,23,30,22,11,4,18,26,0.581,0.526,0.462,0.359,17.5,67.6,40.5,62.9,11.1,7.7,16.6,105.8,120.9,120,41,86,0.477,13,34,0.382,25,30,0.833,11,33,44,21,9,5,17,27,0.605,0.552,0.395,0.349,32.4,82.5,59.5,51.2,9.1,11.9,14.6,120.9,105.8
2021-12-31 20:00:00,NYK,OKC,0,0,80,30,81,0.37,8,41,0.195,12,22,0.545,5,43,48,12,6,3,10,12,0.441,0.42,0.506,0.272,10.6,86.0,49.5,40.0,6.4,6.8,9.9,85.9,102.1,95,36,87,0.414,18,43,0.419,5,7,0.714,7,42,49,21,6,3,10,17,0.527,0.517,0.494,0.08,14.0,89.4,50.5,58.3,6.4,7.5,10.0,102.1,85.9
2021-12-29 19:00:00,NYK,DET,0,1,94,31,81,0.383,8,31,0.258,24,27,0.889,11,37,48,19,11,5,17,14,0.506,0.432,0.383,0.333,23.9,82.2,52.7,61.3,11.5,10.9,15.5,98.4,89.0,85,30,81,0.37,12,35,0.343,13,17,0.765,8,35,43,19,11,5,17,23,0.48,0.444,0.432,0.21,17.8,76.1,47.3,63.3,11.5,10.0,16.1,89.0,98.4
2021-12-28 20:00:00,NYK,MIN,0,1,96,37,90,0.411,16,40,0.4,6,16,0.375,15,39,54,20,5,4,16,20,0.495,0.5,0.444,0.178,30.0,79.6,54.5,54.1,5.3,8.5,14.2,102.0,93.5,88,34,85,0.4,7,38,0.184,13,20,0.65,10,35,45,22,6,11,11,22,0.469,0.441,0.447,0.235,20.4,70.0,45.5,64.7,6.4,22.0,10.5,93.5,102.0
2021-12-25 12:00:00,NYK,ATL,1,1,101,38,85,0.447,20,50,0.4,5,12,0.417,9,41,50,28,6,6,10,13,0.559,0.565,0.588,0.141,19.1,83.7,52.1,73.7,6.5,12.2,10.0,109.0,93.9,87,33,87,0.379,13,38,0.342,8,14,0.571,8,38,46,23,8,5,12,12,0.467,0.454,0.437,0.161,16.3,80.9,47.9,69.7,8.6,14.3,11.4,93.9,109.0
2021-12-23 19:30:00,NYK,WAS,1,0,117,42,93,0.452,13,42,0.31,20,23,0.87,14,30,44,17,2,1,7,21,0.567,0.522,0.452,0.247,29.8,85.7,53.7,40.5,2.1,2.6,6.4,125.3,132.8,124,42,75,0.56,16,37,0.432,24,32,0.75,5,33,38,30,4,6,11,18,0.696,0.667,0.493,0.427,14.3,70.2,46.3,71.4,4.3,11.8,11.0,132.8,125.3
2021-12-21 19:30:00,NYK,DET,1,1,105,40,90,0.444,11,33,0.333,14,19,0.737,13,39,52,22,5,7,13,19,0.534,0.506,0.367,0.211,25.5,79.6,52.0,55.0,5.0,11.5,11.7,105.3,91.2,91,34,94,0.362,8,33,0.242,15,19,0.789,10,38,48,22,9,4,14,18,0.445,0.404,0.351,0.202,20.4,74.5,48.0,64.7,9.0,7.0,12.0,91.2,105.3
2021-12-18 19:00:00,NYK,BOS,0,0,107,35,80,0.438,13,36,0.361,24,30,0.8,8,34,42,18,8,6,14,21,0.574,0.519,0.45,0.375,19.5,73.9,48.3,51.4,8.3,13.6,13.1,111.3,118.6,114,42,89,0.472,17,45,0.378,13,17,0.765,12,33,45,23,6,3,13,20,0.591,0.567,0.506,0.191,26.1,80.5,51.7,54.8,6.2,6.8,11.9,118.6,111.3
2021-12-16 20:00:00,NYK,HOU,0,1,116,39,83,0.47,17,36,0.472,21,25,0.84,15,25,40,25,8,6,12,26,0.617,0.572,0.434,0.301,38.5,83.3,58.0,64.1,8.9,16.7,11.3,129.0,114.6,103,34,68,0.5,11,32,0.344,24,30,0.8,5,24,29,29,4,4,19,25,0.634,0.581,0.471,0.441,16.7,61.5,42.0,85.3,4.4,8.5,19.0,114.6,129.0
2021-12-14 19:30:00,NYK,GSW,1,0,96,30,83,0.361,16,42,0.381,20,22,0.909,4,31,35,18,6,6,9,21,0.518,0.458,0.506,0.265,8.7,81.6,41.7,60.0,6.4,16.2,8.9,102.5,112.1,105,35,77,0.455,15,40,0.375,20,27,0.741,7,42,49,28,3,6,12,22,0.591,0.552,0.519,0.351,18.4,91.3,58.3,80.0,3.2,14.6,11.9,112.1,102.5
2021-12-12 12:00:00,NYK,MIL,1,0,97,35,82,0.427,17,49,0.347,10,13,0.769,8,29,37,27,12,2,17,16,0.553,0.53,0.598,0.159,19.0,70.7,44.6,77.1,12.6,4.3,16.2,102.1,117.9,112,42,88,0.477,14,41,0.341,14,17,0.824,12,34,46,27,11,1,15,12,0.587,0.557,0.466,0.193,29.3,81.0,55.4,64.3,11.6,3.0,13.6,117.9,102.1
2021-12-10 19:30:00,NYK,TOR,0,0,87,29,81,0.358,9,34,0.265,20,24,0.833,14,41,55,18,4,2,15,17,0.475,0.414,0.42,0.296,28.0,77.4,53.4,62.1,4.4,3.8,14.1,96.4,99.8,90,30,87,0.345,12,35,0.343,18,23,0.783,12,36,48,21,9,7,8,19,0.463,0.414,0.402,0.264,22.6,72.0,46.6,70.0,10.0,14.9,7.6,99.8,96.4
2021-12-08 19:00:00,NYK,IND,0,0,102,36,86,0.419,9,30,0.3,21,23,0.913,11,25,36,17,6,8,13,20,0.531,0.471,0.349,0.267,25.0,73.5,46.2,47.2,6.3,13.6,11.9,107.1,128.1,122,46,86,0.535,10,27,0.37,20,25,0.8,9,33,42,27,8,4,11,19,0.629,0.593,0.314,0.291,26.5,75.0,53.8,58.7,8.4,7.1,10.2,128.1,107.1
2021-12-07 20:30:00,NYK,SAS,0,1,121,43,91,0.473,18,38,0.474,17,19,0.895,17,35,52,22,7,5,11,19,0.609,0.571,0.418,0.209,36.2,72.9,54.7,51.2,7.5,8.2,10.0,129.9,117.1,109,41,92,0.446,12,31,0.387,15,20,0.75,13,30,43,30,5,4,10,18,0.541,0.511,0.337,0.217,27.1,63.8,45.3,73.2,5.4,7.5,9.0,117.1,129.9
2021-12-04 13:00:00,NYK,DEN,1,0,99,35,88,0.398,12,40,0.3,17,21,0.81,16,24,40,23,7,3,11,12,0.509,0.466,0.455,0.239,32.0,75.0,48.8,65.7,7.9,7.3,10.2,111.5,127.3,113,44,84,0.524,20,43,0.465,5,5,1.0,8,34,42,30,10,5,13,19,0.655,0.643,0.512,0.06,25.0,68.0,51.2,68.2,11.3,10.4,13.1,127.3,111.5
2021-12-02 19:30:00,NYK,CHI,1,0,115,42,82,0.512,9,26,0.346,22,27,0.815,10,29,39,19,10,8,18,20,0.612,0.567,0.317,0.329,27.8,69.0,50.0,45.2,10.2,13.3,16.1,117.1,121.2,119,44,89,0.494,11,29,0.379,20,21,0.952,13,26,39,24,10,8,15,22,0.606,0.556,0.326,0.236,31.0,72.2,50.0,54.5,10.2,14.3,13.2,121.2,117.1
2021-11-30 19:30:00,NYK,BKN,0,0,110,44,91,0.484,11,32,0.344,11,12,0.917,10,32,42,27,5,2,11,21,0.571,0.544,0.352,0.132,25.6,78.0,52.5,61.4,5.3,3.5,10.3,117.3,119.4,112,41,85,0.482,8,28,0.286,22,25,0.88,9,29,38,27,7,7,9,14,0.583,0.529,0.329,0.294,22.0,74.4,47.5,65.9,7.5,11.9,8.6,119.4,117.3
2021-11-27 19:30:00,NYK,ATL,0,1,99,36,82,0.439,11,29,0.379,16,22,0.727,8,42,50,20,4,3,10,17,0.54,0.506,0.354,0.268,17.0,76.4,49.0,55.6,4.3,5.4,9.8,106.9,97.2,90,33,93,0.355,9,37,0.243,15,20,0.75,13,39,52,18,8,6,7,17,0.442,0.403,0.398,0.215,23.6,83.0,51.0,54.5,8.6,11.3,6.4,97.2,106.9
2021-11-26 19:00:00,NYK,PHX,1,0,97,34,92,0.37,12,39,0.308,17,22,0.773,17,34,51,13,7,1,16,20,0.477,0.435,0.424,0.239,33.3,97.1,59.3,38.2,7.2,2.0,13.6,100.3,122.0,118,44,79,0.557,13,28,0.464,17,21,0.81,1,34,35,28,10,2,11,19,0.669,0.639,0.354,0.266,2.9,66.7,40.7,63.6,10.3,3.8,11.1,122.0,100.3
2021-11-23 19:30:00,NYK,LAL,1,1,106,37,82,0.451,15,34,0.441,17,21,0.81,7,45,52,23,7,4,17,23,0.581,0.543,0.415,0.256,15.9,77.6,51.0,62.2,7.0,7.3,15.7,105.4,99.5,100,34,91,0.374,11,36,0.306,21,30,0.7,13,37,50,23,8,3,12,17,0.48,0.434,0.396,0.33,22.4,84.1,49.0,67.6,8.0,6.3,10.3,99.5,105.4
2021-11-21 20:00:00,NYK,CHI,0,0,103,35,84,0.417,7,27,0.259,26,31,0.839,12,32,44,16,4,11,14,25,0.527,0.458,0.321,0.369,26.7,74.4,50.0,45.7,4.2,18.6,12.5,107.7,114.0,109,37,88,0.42,11,29,0.379,24,27,0.889,11,33,44,21,5,1,10,26,0.546,0.483,0.33,0.307,25.6,73.3,50.0,56.8,5.2,1.8,9.1,114.0,107.7
2021-11-20 17:00:00,NYK,HOU,1,1,106,33,78,0.423,18,41,0.439,22,26,0.846,4,33,37,25,12,7,15,23,0.593,0.538,0.526,0.333,10.3,71.7,43.5,75.8,12.0,15.6,14.4,106.3,99.3,99,38,84,0.452,10,39,0.256,13,22,0.591,13,35,48,21,5,8,22,21,0.528,0.512,0.464,0.262,28.3,89.7,56.5,55.3,5.0,21.6,19.0,99.3,106.3
2021-11-17 19:30:00,NYK,ORL,1,0,98,37,88,0.42,16,49,0.327,8,12,0.667,11,34,45,25,5,7,18,20,0.525,0.511,0.557,0.136,22.9,70.8,46.9,67.6,5.0,12.1,16.2,98.6,104.7,104,39,96,0.406,11,38,0.289,15,18,0.833,14,37,51,20,7,3,15,19,0.5,0.464,0.396,0.188,29.2,77.1,53.1,51.3,7.0,7.7,12.6,104.7,98.6
2021-11-15 19:30:00,NYK,IND,1,1,92,37,86,0.43,11,34,0.324,7,10,0.7,8,38,46,22,1,5,12,15,0.509,0.494,0.395,0.116,18.6,80.9,51.1,59.5,1.1,10.2,11.7,100.8,92.0,84,32,86,0.372,8,37,0.216,12,16,0.75,9,35,44,16,6,6,9,15,0.451,0.419,0.43,0.186,19.1,81.4,48.9,50.0,6.6,11.5,8.8,92.0,100.8
2021-11-12 19:00:00,NYK,CHA,0,0,96,36,93,0.387,13,35,0.371,11,18,0.611,14,37,51,17,8,5,19,22,0.476,0.457,0.376,0.194,27.5,75.5,51.0,47.2,7.9,9.3,15.8,94.7,102.6,104,39,90,0.433,10,36,0.278,16,24,0.667,12,37,49,25,10,5,14,18,0.517,0.489,0.4,0.267,24.5,72.5,49.0,64.1,9.9,8.6,12.2,102.6,94.7
2021-11-10 19:30:00,NYK,MIL,1,0,100,36,83,0.434,16,37,0.432,12,17,0.706,7,31,38,19,9,10,11,17,0.553,0.53,0.446,0.205,15.9,70.5,43.2,52.8,9.7,25.0,10.8,107.8,120.7,112,40,90,0.444,26,50,0.52,6,9,0.667,13,37,50,29,4,4,15,17,0.596,0.589,0.556,0.1,29.5,84.1,56.8,72.5,4.3,8.7,13.8,120.7,107.8
2021-11-08 19:00:00,NYK,PHI,0,1,103,40,91,0.44,13,40,0.325,10,13,0.769,14,41,55,25,4,4,13,18,0.532,0.511,0.44,0.143,28.6,77.4,53.9,62.5,4.3,7.8,11.8,110.5,103.0,96,35,91,0.385,13,40,0.325,13,16,0.813,12,35,47,20,7,6,9,13,0.49,0.456,0.44,0.176,22.6,71.4,46.1,57.1,7.5,11.8,8.4,103.0,110.5
2021-11-07 18:00:00,NYK,CLE,1,0,109,39,85,0.459,9,31,0.29,22,24,0.917,7,25,32,21,9,9,11,14,0.57,0.512,0.365,0.282,15.9,69.4,40.0,53.8,9.2,16.4,10.3,111.4,128.7,126,49,90,0.544,19,35,0.543,9,11,0.818,11,37,48,31,8,2,17,18,0.664,0.65,0.389,0.122,30.6,84.1,60.0,63.3,8.2,3.7,15.2,128.7,111.4
2021-11-05 19:30:00,NYK,MIL,0,1,113,41,96,0.427,10,40,0.25,21,26,0.808,20,39,59,16,12,4,15,17,0.526,0.479,0.417,0.271,40.0,84.8,61.5,39.0,12.3,10.3,12.3,115.7,100.4,98,33,82,0.402,16,43,0.372,16,21,0.762,7,30,37,19,5,5,15,20,0.537,0.5,0.524,0.256,15.2,60.0,38.5,57.6,5.1,8.9,14.1,100.4,115.7
2021-11-03 19:00:00,NYK,IND,0,0,98,36,87,0.414,5,24,0.208,21,27,0.778,14,32,46,23,7,6,10,19,0.496,0.443,0.276,0.31,26.4,76.2,48.4,63.9,7.3,12.0,9.2,102.9,116.5,111,42,91,0.462,16,41,0.39,11,14,0.786,10,39,49,26,7,7,13,22,0.571,0.549,0.451,0.154,23.8,73.6,51.6,61.9,7.3,11.1,11.8,116.5,102.9
2021-11-01 19:30:00,NYK,TOR,1,0,104,35,76,0.461,16,38,0.421,18,24,0.75,7,34,41,20,3,4,17,13,0.601,0.566,0.5,0.316,16.7,72.3,46.1,57.1,3.1,7.0,16.4,108.2,117.5,113,43,99,0.434,14,42,0.333,13,14,0.929,13,35,48,24,12,4,9,20,0.537,0.505,0.424,0.141,27.7,83.3,53.9,55.8,12.5,10.5,7.9,117.5,108.2
2021-10-30 19:00:00,NYK,NOP,0,1,123,42,81,0.519,19,33,0.576,20,25,0.8,5,32,37,22,7,4,12,21,0.668,0.636,0.407,0.309,13.9,72.7,46.3,52.4,7.1,6.8,11.5,125.4,119.3,117,42,92,0.457,11,33,0.333,22,24,0.917,12,31,43,30,7,3,12,24,0.57,0.516,0.359,0.261,27.3,86.1,53.8,71.4,7.1,6.3,10.5,119.3,125.4
2021-10-28 20:00:00,NYK,CHI,0,1,104,39,85,0.459,11,29,0.379,15,20,0.75,11,38,49,16,5,7,13,21,0.554,0.524,0.341,0.235,25.6,88.4,57.0,41.0,5.3,13.5,12.2,111.1,110.0,103,36,84,0.429,11,32,0.344,20,22,0.909,5,32,37,25,6,5,7,18,0.55,0.494,0.381,0.262,11.6,74.4,43.0,69.4,6.4,8.9,7.0,110.0,111.1
2021-10-26 19:30:00,NYK,PHI,1,1,112,41,87,0.471,16,37,0.432,14,15,0.933,13,32,45,24,7,5,15,18,0.598,0.563,0.425,0.172,31.7,72.7,52.9,58.5,7.7,12.2,13.8,122.6,108.3,99,36,82,0.439,12,41,0.293,15,17,0.882,12,28,40,24,9,4,15,14,0.553,0.512,0.5,0.207,27.3,68.3,47.1,66.7,9.8,8.0,14.4,108.3,122.6
2021-10-24 19:00:00,NYK,ORL,1,0,104,37,100,0.37,13,48,0.271,17,25,0.68,16,36,52,20,8,8,12,21,0.468,0.435,0.48,0.25,25.4,78.3,47.7,54.1,7.7,17.8,9.8,100.3,106.1,110,36,88,0.409,12,43,0.279,26,34,0.765,10,47,57,22,7,4,13,25,0.534,0.477,0.489,0.386,21.7,74.6,52.3,61.1,6.8,7.7,11.2,106.1,100.3
2021-10-22 19:00:00,NYK,ORL,0,1,121,44,88,0.5,24,54,0.444,9,17,0.529,6,32,38,34,10,4,11,19,0.634,0.636,0.614,0.193,14.0,78.0,45.2,77.3,10.2,10.0,10.3,123.8,98.2,96,33,83,0.398,17,43,0.395,13,15,0.867,9,37,46,24,5,3,19,18,0.536,0.5,0.518,0.181,22.0,86.0,54.8,72.7,5.1,8.8,17.5,98.2,123.8
2021-10-20 19:30:00,NYK,BOS,1,1,138,51,105,0.486,17,45,0.378,19,27,0.704,7,48,55,27,9,10,19,22,0.59,0.567,0.429,0.257,14.6,76.2,49.5,52.9,7.1,16.7,14.0,109.1,105.9,134,48,117,0.41,21,57,0.368,17,23,0.739,15,41,56,34,13,9,18,24,0.527,0.5,0.487,0.197,23.8,85.4,50.5,70.8,10.3,15.0,12.4,105.9,109.1
2021-06-02 19:30:00,NYK,ATL,1,0,89,31,82,0.378,12,30,0.4,15,18,0.833,14,31,45,19,5,4,17,22,0.495,0.451,0.366,0.22,29.2,68.9,48.4,61.3,5.5,7.5,15.9,97.8,113.2,103,37,87,0.425,9,34,0.265,20,26,0.769,14,34,48,17,7,8,11,16,0.523,0.477,0.391,0.299,31.1,70.8,51.6,45.9,7.7,15.4,10.1,113.2,97.8
2021-05-30 13:00:00,NYK,ATL,0,0,96,34,81,0.42,9,29,0.31,19,23,0.826,6,33,39,24,7,2,9,20,0.527,0.475,0.358,0.284,13.3,78.6,44.8,70.6,7.5,4.7,9.0,103.1,121.4,113,36,82,0.439,15,39,0.385,26,28,0.929,9,39,48,24,4,2,11,22,0.599,0.53,0.476,0.341,21.4,86.7,55.2,66.7,4.3,3.8,10.4,121.4,103.1
2021-05-28 19:00:00,NYK,ATL,0,0,94,29,81,0.358,9,30,0.3,27,30,0.9,13,32,45,14,6,2,13,21,0.499,0.414,0.37,0.37,25.5,88.9,51.7,48.3,6.5,3.7,12.1,102.5,114.5,105,42,81,0.519,16,27,0.593,5,8,0.625,4,38,42,28,2,5,12,23,0.621,0.617,0.333,0.099,11.1,74.5,48.3,66.7,2.2,9.8,12.4,114.5,102.5
2021-05-26 19:30:00,NYK,ATL,1,1,101,36,94,0.383,12,33,0.364,17,23,0.739,13,41,54,15,8,2,11,20,0.485,0.447,0.351,0.245,27.1,87.2,56.8,41.7,8.1,5.0,9.6,102.6,93.4,92,31,84,0.369,12,44,0.273,18,22,0.818,6,35,41,17,5,12,14,21,0.491,0.44,0.524,0.262,12.8,72.9,43.2,54.8,5.1,19.7,13.0,93.4,102.6
2021-05-23 19:00:00,NYK,ATL,1,0,105,42,94,0.447,10,30,0.333,11,15,0.733,13,36,49,21,3,4,11,16,0.522,0.5,0.319,0.16,27.1,83.7,53.8,50.0,3.2,7.1,9.9,111.5,113.6,107,42,90,0.467,12,34,0.353,11,12,0.917,7,35,42,17,6,7,6,13,0.562,0.533,0.378,0.133,16.3,72.9,46.2,40.5,6.4,10.9,5.9,113.6,111.5
2021-05-16 13:00:00,NYK,BOS,1,1,96,34,79,0.43,13,27,0.481,15,19,0.789,4,37,41,16,7,6,11,17,0.549,0.513,0.342,0.241,9.8,80.4,47.1,47.1,7.5,13.3,11.2,103.1,98.8,92,35,86,0.407,11,41,0.268,11,15,0.733,9,37,46,19,4,6,12,19,0.497,0.471,0.477,0.174,19.6,90.2,52.9,54.3,4.3,11.5,11.5,98.8,103.1
2021-05-15 13:00:00,NYK,CHA,1,1,118,45,88,0.511,16,37,0.432,12,15,0.8,7,43,50,29,3,7,10,20,0.624,0.602,0.42,0.17,16.3,74.1,49.5,64.4,3.0,13.2,9.6,118.8,109.7,109,39,102,0.382,13,49,0.265,18,24,0.75,15,36,51,28,5,2,8,18,0.484,0.446,0.48,0.235,25.9,83.7,50.5,71.8,5.0,3.9,6.6,109.7,118.8
2021-05-13 19:30:00,NYK,SAS,1,1,102,35,86,0.407,14,35,0.4,18,18,1.0,10,38,48,23,7,8,10,19,0.543,0.488,0.407,0.209,20.8,80.9,50.5,65.7,7.3,11.4,9.6,107.0,102.8,98,38,91,0.418,6,21,0.286,16,19,0.842,9,38,47,22,4,6,11,16,0.493,0.451,0.231,0.209,19.1,79.2,49.5,57.9,4.2,11.8,10.0,102.8,107.0
2021-05-11 22:00:00,NYK,LAL,0,0,99,34,87,0.391,10,29,0.345,21,23,0.913,5,36,41,19,8,3,10,21,0.51,0.448,0.333,0.264,11.4,72.0,43.6,55.9,8.0,4.9,9.3,98.6,100.6,101,37,89,0.416,12,28,0.429,15,19,0.789,14,39,53,31,5,5,20,17,0.519,0.483,0.315,0.213,28.0,88.6,56.4,83.8,5.0,8.6,17.0,100.6,98.6
2021-05-09 15:30:00,NYK,LAC,0,1,106,42,90,0.467,13,32,0.406,9,9,1.0,8,37,45,25,7,5,10,17,0.564,0.539,0.356,0.1,18.2,84.1,51.1,59.5,7.3,9.8,9.6,110.8,104.5,100,37,86,0.43,12,35,0.343,14,16,0.875,7,36,43,24,5,1,13,12,0.537,0.5,0.407,0.186,15.9,81.8,48.9,64.9,5.2,1.7,12.3,104.5,110.8
2021-05-07 22:00:00,NYK,PHX,0,0,105,38,84,0.452,11,32,0.344,18,23,0.783,6,35,41,24,2,4,13,25,0.558,0.518,0.381,0.274,13.6,83.3,47.7,63.2,2.0,7.8,12.1,105.1,128.2,128,43,92,0.467,18,41,0.439,24,25,0.96,7,38,45,26,5,3,7,17,0.621,0.565,0.446,0.272,16.7,86.4,52.3,60.5,5.0,5.8,6.4,128.2,105.1
2021-05-05 21:00:00,NYK,DEN,0,0,97,33,86,0.384,13,35,0.371,18,27,0.667,6,36,42,18,6,10,15,24,0.496,0.459,0.407,0.314,11.5,67.9,40.0,54.5,5.7,17.2,13.3,92.4,107.7,113,37,97,0.381,12,39,0.308,27,33,0.818,17,46,63,23,13,7,15,24,0.507,0.443,0.402,0.34,32.1,88.5,60.0,62.2,12.4,13.7,11.9,107.7,92.4
2021-05-03 21:00:00,NYK,MEM,0,1,118,45,89,0.506,14,27,0.519,14,18,0.778,8,37,45,19,6,8,10,21,0.609,0.584,0.303,0.202,19.5,74.0,49.5,42.2,6.3,17.8,9.4,124.1,109.4,104,34,86,0.395,16,41,0.39,20,24,0.833,13,33,46,26,7,4,12,14,0.539,0.488,0.477,0.279,26.0,80.5,50.5,76.5,7.4,6.5,11.1,109.4,124.1
2021-05-02 20:00:00,NYK,HOU,0,1,122,45,86,0.523,18,35,0.514,14,16,0.875,6,32,38,22,10,1,13,21,0.656,0.628,0.407,0.186,15.4,69.6,44.7,48.9,10.3,2.3,12.3,125.9,100.1,97,34,79,0.43,8,35,0.229,21,32,0.656,14,33,47,19,6,5,18,18,0.521,0.481,0.443,0.405,30.4,84.6,55.3,55.9,6.2,9.8,16.2,100.1,125.9
2021-04-28 19:30:00,NYK,CHI,1,1,113,42,91,0.462,12,27,0.444,17,19,0.895,9,32,41,27,10,9,4,16,0.569,0.527,0.297,0.209,20.0,82.1,48.8,64.3,10.7,16.1,3.9,121.3,100.9,94,39,85,0.459,10,29,0.345,6,10,0.6,7,36,43,29,2,4,14,12,0.526,0.518,0.341,0.118,17.9,80.0,51.2,74.4,2.1,6.3,13.5,100.9,121.3
2021-04-26 19:30:00,NYK,PHX,1,0,110,45,87,0.517,12,29,0.414,8,10,0.8,6,29,35,24,6,1,11,19,0.602,0.586,0.333,0.115,15.8,85.3,48.6,53.3,6.3,2.0,10.7,115.3,123.7,118,45,83,0.542,14,34,0.412,14,17,0.824,5,32,37,23,5,6,12,13,0.652,0.627,0.41,0.205,14.7,84.2,51.4,51.1,5.2,10.3,11.7,123.7,115.3
2021-04-24 13:00:00,NYK,TOR,1,1,120,42,75,0.56,16,31,0.516,20,24,0.833,5,39,44,20,4,4,15,17,0.701,0.667,0.413,0.32,15.2,88.6,57.1,47.6,4.3,10.3,14.9,128.9,110.7,103,36,83,0.434,17,44,0.386,14,19,0.737,5,28,33,31,6,3,7,19,0.564,0.536,0.53,0.229,11.4,84.8,42.9,86.1,6.4,6.8,7.1,110.7,128.9
2021-04-21 20:00:00,NYK,ATL,1,1,137,49,91,0.538,19,35,0.543,20,25,0.8,8,41,49,29,8,3,17,19,0.672,0.643,0.385,0.275,21.6,77.4,54.4,59.2,7.4,4.4,14.3,126.2,117.0,127,49,102,0.48,12,34,0.353,17,24,0.708,12,29,41,28,10,3,10,18,0.564,0.539,0.333,0.235,22.6,78.4,45.6,57.1,9.2,5.4,8.2,117.0,126.2
2021-04-20 19:30:00,NYK,CHA,1,1,109,40,83,0.482,18,45,0.4,11,12,0.917,11,28,39,22,5,6,12,13,0.617,0.59,0.542,0.145,28.2,71.8,50.0,55.0,5.7,12.8,12.0,124.7,111.0,97,39,86,0.453,16,39,0.41,3,8,0.375,11,28,39,26,6,3,13,10,0.542,0.547,0.453,0.093,28.2,71.8,50.0,66.7,6.9,7.9,12.7,111.0,124.7
2021-04-18 13:00:00,NYK,NOP,1,1,122,45,95,0.474,11,29,0.379,21,24,0.875,13,36,49,27,9,6,13,26,0.578,0.532,0.305,0.253,28.9,64.3,48.5,60.0,8.8,8.1,11.0,118.9,109.2,112,41,101,0.406,6,27,0.222,24,30,0.8,20,32,52,25,6,4,13,16,0.49,0.436,0.267,0.297,35.7,71.1,51.5,61.0,5.8,6.1,10.2,109.2,118.9
2021-04-16 21:30:00,NYK,DAL,0,1,117,44,86,0.512,14,28,0.5,15,21,0.714,9,36,45,22,4,5,10,20,0.614,0.593,0.326,0.244,22.5,78.3,52.3,50.0,4.2,10.9,9.5,123.1,114.7,109,40,91,0.44,15,45,0.333,14,19,0.737,10,31,41,30,6,7,9,17,0.549,0.522,0.495,0.209,21.7,77.5,47.7,75.0,6.3,12.1,8.3,114.7,123.1
2021-04-14 20:00:00,NYK,NOP,0,1,116,44,97,0.454,17,33,0.515,11,13,0.846,11,37,48,19,6,5,6,17,0.565,0.541,0.34,0.134,21.6,80.4,49.5,43.2,6.2,8.3,5.5,120.5,110.1,106,40,88,0.455,6,28,0.214,20,24,0.833,9,40,49,25,3,5,9,12,0.538,0.489,0.318,0.273,19.6,78.4,50.5,62.5,3.1,7.8,8.4,110.1,120.5
2021-04-12 19:30:00,NYK,LAL,1,1,111,42,89,0.472,5,27,0.185,22,27,0.815,15,32,47,18,14,9,15,20,0.55,0.5,0.303,0.303,34.1,88.9,58.8,42.9,13.7,20.5,12.9,108.6,93.9,96,35,80,0.438,12,36,0.333,14,18,0.778,4,29,33,22,5,7,25,21,0.546,0.513,0.45,0.225,11.1,65.9,41.3,62.9,4.9,11.3,22.1,93.9,108.6
2021-04-11 20:00:00,NYK,TOR,1,1,102,35,88,0.398,9,35,0.257,23,27,0.852,11,35,46,19,9,4,13,19,0.511,0.449,0.398,0.307,23.9,87.5,53.5,54.3,9.1,8.9,11.5,103.4,97.3,96,33,79,0.418,11,34,0.324,19,23,0.826,5,35,40,19,8,7,17,23,0.539,0.487,0.43,0.291,12.5,76.1,46.5,57.6,8.1,13.2,16.0,97.3,103.4
2021-04-09 19:30:00,NYK,MEM,1,1,133,45,96,0.469,14,32,0.438,29,33,0.879,11,37,48,24,7,7,14,25,0.602,0.542,0.333,0.344,25.0,78.7,52.7,53.3,6.4,10.9,11.2,120.7,117.0,129,47,94,0.5,14,30,0.467,21,34,0.618,10,33,43,33,7,6,14,27,0.592,0.574,0.319,0.362,21.3,75.0,47.3,70.2,6.4,9.4,11.4,117.0,120.7
2021-04-07 19:30:00,NYK,BOS,0,0,99,35,84,0.417,16,33,0.485,13,16,0.813,5,34,39,22,7,4,14,21,0.544,0.512,0.393,0.19,11.9,68.0,42.4,62.9,7.2,8.7,13.3,101.5,103.6,101,36,86,0.419,15,40,0.375,14,20,0.7,16,37,53,22,6,7,20,14,0.533,0.506,0.465,0.233,32.0,88.1,57.6,61.1,6.2,13.7,17.4,103.6,101.5
2021-04-05 19:00:00,NYK,BKN,0,0,112,40,86,0.465,14,29,0.483,18,22,0.818,5,36,41,24,7,4,12,25,0.585,0.547,0.337,0.256,12.8,76.6,47.7,60.0,7.0,6.7,11.1,111.8,113.8,114,42,92,0.457,10,32,0.313,20,26,0.769,11,34,45,27,6,6,10,14,0.551,0.511,0.348,0.283,23.4,87.2,52.3,64.3,6.0,10.5,8.8,113.8,111.8
2021-04-03 20:00:00,NYK,DET,0,1,125,43,79,0.544,19,39,0.487,20,27,0.741,7,37,44,31,12,11,7,18,0.688,0.665,0.494,0.342,18.4,75.5,50.6,72.1,13.3,20.4,7.2,138.3,89.6,81,29,82,0.354,9,28,0.321,14,20,0.7,12,31,43,20,4,4,15,20,0.446,0.409,0.341,0.244,24.5,81.6,49.4,69.0,4.4,10.0,14.2,89.6,138.3
2021-04-02 19:30:00,NYK,DAL,1,0,86,32,89,0.36,12,38,0.316,10,10,1.0,9,34,43,18,7,3,12,17,0.46,0.427,0.427,0.112,17.3,89.5,47.8,56.3,7.3,5.9,11.4,90.0,103.6,99,41,88,0.466,12,37,0.324,5,10,0.5,4,43,47,19,6,2,10,12,0.536,0.534,0.42,0.114,10.5,82.7,52.2,46.3,6.3,3.9,9.8,103.6,90.0
2021-03-31 20:00:00,NYK,MIN,0,0,101,39,82,0.476,11,23,0.478,12,17,0.706,7,34,41,20,7,6,17,18,0.564,0.543,0.28,0.207,18.4,79.1,50.6,51.3,7.2,12.8,16.0,104.4,105.4,102,36,87,0.414,14,40,0.35,16,19,0.842,9,31,40,25,9,8,13,14,0.535,0.494,0.46,0.218,20.9,81.6,49.4,69.4,9.3,13.6,12.0,105.4,104.4
2021-03-29 19:30:00,NYK,MIA,1,0,88,33,80,0.413,10,36,0.278,12,20,0.6,6,35,41,15,4,6,14,19,0.495,0.475,0.45,0.25,14.6,74.5,46.6,45.5,4.3,11.5,13.6,94.6,105.3,98,37,86,0.43,10,34,0.294,14,17,0.824,12,35,47,22,7,5,12,18,0.524,0.488,0.395,0.198,25.5,85.4,53.4,59.5,7.5,11.4,11.4,105.3,94.6
2021-03-27 20:00:00,NYK,MIL,0,1,102,40,93,0.43,16,44,0.364,6,8,0.75,12,32,44,28,9,11,16,19,0.528,0.516,0.473,0.086,26.7,68.1,47.8,70.0,9.5,21.6,14.2,107.9,101.6,96,36,87,0.414,14,36,0.389,10,16,0.625,15,33,48,21,11,7,16,11,0.51,0.494,0.414,0.184,31.9,73.3,52.2,58.3,11.6,14.3,14.5,101.6,107.9
2021-03-25 19:30:00,NYK,WAS,1,1,106,34,93,0.366,7,28,0.25,31,42,0.738,18,37,55,14,12,4,15,28,0.475,0.403,0.301,0.452,32.1,82.2,54.5,41.2,11.6,7.4,11.9,102.6,98.8,102,37,80,0.463,8,26,0.308,20,33,0.606,8,38,46,26,8,9,17,32,0.54,0.513,0.325,0.413,17.8,67.9,45.5,70.3,7.7,13.8,15.2,98.8,102.6
2021-03-23 19:30:00,NYK,WAS,1,1,131,47,92,0.511,16,30,0.533,21,24,0.875,12,30,42,23,6,8,10,28,0.639,0.598,0.326,0.261,27.9,81.1,52.5,48.9,6.0,14.3,8.9,131.1,113.1,113,38,79,0.481,9,23,0.391,28,35,0.8,7,31,38,25,5,5,17,23,0.599,0.538,0.291,0.443,18.9,72.1,47.5,65.8,5.0,8.1,15.3,113.1,131.1
2021-03-21 20:00:00,NYK,PHI,1,0,100,38,88,0.432,11,24,0.458,13,23,0.565,13,31,44,16,13,2,17,19,0.51,0.494,0.273,0.261,26.5,79.5,50.0,42.1,12.9,3.5,14.8,99.2,100.2,101,38,82,0.463,11,25,0.44,14,23,0.609,8,36,44,19,12,9,20,18,0.548,0.53,0.305,0.28,20.5,73.5,50.0,50.0,11.9,14.1,17.8,100.2,99.2
2021-03-18 19:30:00,NYK,ORL,1,1,94,37,86,0.43,14,34,0.412,6,11,0.545,5,38,43,24,6,4,7,14,0.517,0.512,0.395,0.128,10.9,82.6,46.7,64.9,6.6,8.3,7.2,103.1,102.0,93,35,82,0.427,10,34,0.294,13,16,0.813,8,41,49,21,6,6,11,13,0.522,0.488,0.415,0.195,17.4,89.1,53.3,60.0,6.6,11.5,11.0,102.0,103.1
2021-03-16 20:00:00,NYK,PHI,0,0,96,37,84,0.44,8,24,0.333,14,22,0.636,9,38,47,19,7,5,13,23,0.512,0.488,0.286,0.262,19.1,76.0,48.5,51.4,7.3,8.6,12.2,99.9,103.0,99,37,90,0.411,11,32,0.344,14,19,0.737,12,38,50,19,8,10,12,22,0.503,0.472,0.356,0.211,24.0,80.9,51.5,51.4,8.3,16.7,10.9,103.0,99.9
2021-03-15 20:00:00,NYK,BKN,0,0,112,37,92,0.402,15,42,0.357,23,27,0.852,13,27,40,16,9,2,9,22,0.539,0.484,0.457,0.293,25.5,90.0,49.4,43.2,9.3,4.3,8.0,116.0,121.1,117,44,76,0.579,12,29,0.414,17,22,0.773,3,38,41,29,3,6,15,19,0.683,0.658,0.382,0.289,10.0,74.5,50.6,65.9,3.1,12.0,14.9,121.1,116.0
2021-03-13 14:00:00,NYK,OKC,0,1,119,44,90,0.489,14,35,0.4,17,22,0.773,11,33,44,23,12,2,11,20,0.597,0.567,0.389,0.244,23.9,86.8,52.4,52.3,12.3,4.5,9.9,122.1,99.5,97,37,76,0.487,8,32,0.25,15,21,0.714,5,35,40,22,3,4,18,18,0.569,0.539,0.421,0.276,13.2,76.1,47.6,59.5,3.1,7.3,17.4,99.5,122.1
2021-03-11 20:00:00,NYK,MIL,0,0,101,37,88,0.42,13,37,0.351,14,21,0.667,10,28,38,19,3,5,15,19,0.519,0.494,0.42,0.239,20.8,84.8,46.9,51.4,3.0,10.2,13.4,101.1,134.1,134,50,87,0.575,18,38,0.474,16,17,0.941,5,38,43,29,9,9,12,18,0.709,0.678,0.437,0.195,15.2,79.2,53.1,58.0,9.0,17.6,11.3,134.1,101.1
2021-03-04 19:30:00,NYK,DET,1,1,114,45,83,0.542,9,27,0.333,15,19,0.789,12,35,47,25,10,4,13,13,0.624,0.596,0.325,0.229,34.3,85.4,61.8,55.6,11.0,9.1,12.5,125.1,114.1,104,39,80,0.488,14,36,0.389,12,15,0.8,6,23,29,23,6,2,13,13,0.6,0.575,0.45,0.188,14.6,65.7,38.2,59.0,6.6,3.6,13.1,114.1,125.1
2021-03-02 20:30:00,NYK,SAS,0,0,93,33,81,0.407,15,36,0.417,12,15,0.8,9,32,41,18,2,5,16,16,0.531,0.5,0.444,0.185,20.0,78.0,47.7,54.5,2.1,10.6,15.4,98.8,126.4,119,43,89,0.483,18,42,0.429,15,21,0.714,9,36,45,31,12,4,9,14,0.606,0.584,0.472,0.236,22.0,80.0,52.3,72.1,12.7,8.9,8.4,126.4,98.8
2021-02-28 20:00:00,NYK,DET,0,1,109,44,86,0.512,13,26,0.5,8,10,0.8,6,35,41,23,9,7,12,23,0.603,0.587,0.302,0.116,15.4,83.3,50.6,52.3,9.6,17.5,11.7,116.2,95.9,90,28,72,0.389,9,32,0.281,25,31,0.806,7,33,40,16,8,4,16,15,0.525,0.451,0.444,0.431,16.7,84.6,49.4,57.1,8.5,6.7,15.7,95.9,116.2
2021-02-27 20:00:00,NYK,IND,1,1,110,40,81,0.494,12,24,0.5,18,22,0.818,4,34,38,26,12,2,21,22,0.607,0.568,0.296,0.272,12.1,85.0,52.1,65.0,11.5,3.6,18.8,105.7,102.8,107,38,84,0.452,11,28,0.393,20,25,0.8,6,29,35,27,5,7,16,17,0.563,0.518,0.333,0.298,15.0,87.9,47.9,71.1,4.8,12.3,14.4,102.8,105.7
2021-02-25 19:30:00,NYK,SAC,1,1,140,51,87,0.586,19,36,0.528,19,21,0.905,9,34,43,24,8,2,16,23,0.727,0.695,0.414,0.241,25.7,81.0,55.8,47.1,7.7,4.0,14.3,135.3,116.9,121,42,85,0.494,12,35,0.343,25,33,0.758,8,26,34,25,12,0,16,22,0.608,0.565,0.412,0.388,19.0,74.3,44.2,59.5,11.6,0.0,13.9,116.9,135.3
2021-02-23 19:30:00,NYK,GSW,1,0,106,38,97,0.392,11,29,0.379,19,22,0.864,18,38,56,22,4,5,15,23,0.497,0.448,0.299,0.227,34.6,84.4,57.7,57.9,4.0,9.8,12.3,106.3,114.3,114,40,89,0.449,13,38,0.342,21,24,0.875,7,34,41,30,9,8,10,18,0.573,0.522,0.427,0.27,15.6,65.4,42.3,75.0,9.0,11.8,9.1,114.3,106.3
2021-02-21 19:00:00,NYK,MIN,1,1,103,33,78,0.423,6,18,0.333,31,38,0.816,11,37,48,17,4,4,13,25,0.544,0.462,0.231,0.487,23.4,84.1,52.7,51.5,4.1,8.5,12.1,106.7,102.6,99,33,82,0.402,16,35,0.457,17,21,0.81,7,36,43,24,6,3,16,24,0.543,0.5,0.427,0.256,15.9,76.6,47.3,72.7,6.2,5.0,14.9,102.6,106.7
2021-02-17 19:00:00,NYK,ORL,0,0,89,33,87,0.379,7,27,0.259,16,19,0.842,10,36,46,16,7,5,16,14,0.467,0.42,0.31,0.218,20.0,78.3,47.9,48.5,7.1,8.6,14.4,90.2,108.4,107,42,92,0.457,16,34,0.471,7,10,0.7,10,40,50,27,10,7,14,15,0.555,0.543,0.37,0.109,21.7,80.0,52.1,64.3,10.1,11.7,12.7,108.4,90.2
2021-02-15 19:30:00,NYK,ATL,1,1,123,42,83,0.506,17,34,0.5,22,27,0.815,10,32,42,22,5,6,9,22,0.648,0.608,0.41,0.325,24.4,74.4,50.0,52.4,5.3,11.5,8.7,131.2,119.5,112,36,85,0.424,11,33,0.333,29,32,0.906,11,31,42,17,5,6,11,19,0.565,0.488,0.388,0.376,25.6,75.6,50.0,47.2,5.3,12.2,10.0,119.5,131.2
2021-02-13 20:00:00,NYK,HOU,1,1,121,45,86,0.523,12,28,0.429,19,23,0.826,4,40,44,21,4,4,8,21,0.629,0.593,0.326,0.267,10.5,76.9,48.9,46.7,4.1,8.9,7.7,124.7,102.1,99,33,88,0.375,8,43,0.186,25,30,0.833,12,34,46,17,5,5,9,17,0.489,0.42,0.489,0.341,23.1,89.5,51.1,51.5,5.2,8.6,8.2,102.1,124.7
2021-02-12 19:00:00,NYK,WAS,0,1,109,44,98,0.449,6,24,0.25,15,22,0.682,15,50,65,22,11,4,12,22,0.506,0.48,0.245,0.224,28.8,84.7,58.6,50.0,10.8,7.3,10.0,106.8,89.1,91,34,89,0.382,9,34,0.265,14,20,0.7,9,37,46,20,5,5,14,18,0.465,0.433,0.382,0.225,15.3,71.2,41.4,58.8,4.9,6.8,12.5,89.1,106.8
2021-02-09 19:30:00,NYK,MIA,0,0,96,37,87,0.425,10,28,0.357,12,16,0.75,11,35,46,22,8,5,14,25,0.51,0.483,0.322,0.184,25.6,85.4,54.8,59.5,8.7,13.5,13.0,104.7,106.9,98,26,70,0.371,14,33,0.424,32,39,0.821,6,32,38,21,5,6,11,14,0.562,0.471,0.471,0.557,14.6,74.4,45.2,80.8,5.5,10.2,11.2,106.9,104.7
2021-02-07 13:00:00,NYK,MIA,1,0,103,38,85,0.447,16,42,0.381,11,15,0.733,10,34,44,23,8,2,13,20,0.562,0.541,0.494,0.176,20.8,85.0,50.0,60.5,8.5,4.2,12.4,109.2,115.6,109,40,83,0.482,13,35,0.371,16,20,0.8,6,38,44,25,6,1,11,15,0.594,0.56,0.422,0.241,15.0,79.2,50.0,62.5,6.4,2.3,10.7,115.6,109.2
2021-02-06 13:00:00,NYK,POR,1,1,110,44,88,0.5,13,30,0.433,9,13,0.692,8,43,51,20,5,5,14,19,0.587,0.574,0.341,0.148,21.1,79.6,55.4,45.5,5.2,11.9,13.0,114.4,102.9,99,37,89,0.416,17,47,0.362,8,16,0.5,11,30,41,15,7,7,11,15,0.515,0.511,0.528,0.18,20.4,78.9,44.6,40.5,7.3,12.1,10.3,102.9,114.4
2021-02-03 20:00:00,NYK,CHI,0,1,107,43,89,0.483,11,22,0.5,10,15,0.667,11,36,47,19,5,4,17,18,0.56,0.545,0.247,0.169,25.6,85.7,55.3,44.2,5.1,7.7,15.1,109.2,105.1,103,43,88,0.489,6,36,0.167,11,16,0.688,6,32,38,25,11,3,9,14,0.542,0.523,0.409,0.182,14.3,74.4,44.7,58.1,11.2,4.5,8.7,105.1,109.2
2021-02-01 20:00:00,NYK,CHI,0,0,102,37,87,0.425,6,29,0.207,22,26,0.846,11,34,45,21,6,6,12,19,0.518,0.46,0.333,0.299,25.0,82.9,52.9,56.8,6.1,11.1,10.9,104.3,112.5,110,42,88,0.477,11,34,0.324,15,20,0.75,7,33,40,30,3,1,12,19,0.568,0.54,0.386,0.227,17.1,75.0,47.1,71.4,3.1,1.7,11.0,112.5,104.3
2021-01-31 13:00:00,NYK,LAC,1,0,115,41,85,0.482,10,27,0.37,23,28,0.821,10,26,36,21,5,5,8,20,0.591,0.541,0.318,0.329,24.4,78.8,48.6,51.2,5.4,11.6,7.6,125.3,140.6,129,44,81,0.543,17,38,0.447,24,28,0.857,7,31,38,26,2,4,7,14,0.691,0.648,0.469,0.346,21.2,75.6,51.4,59.1,2.2,6.9,7.0,140.6,125.3
2021-01-29 19:30:00,NYK,CLE,1,1,102,39,80,0.488,10,27,0.37,14,16,0.875,8,33,41,20,8,6,14,24,0.586,0.55,0.338,0.2,21.6,70.2,48.8,51.3,9.0,10.3,13.9,114.2,90.7,81,29,84,0.345,8,26,0.308,15,18,0.833,14,29,43,15,8,5,14,20,0.441,0.393,0.31,0.214,29.8,78.4,51.2,51.7,9.0,9.4,13.2,90.7,114.2
2021-01-26 21:00:00,NYK,UTA,0,0,94,36,83,0.434,10,27,0.37,12,17,0.706,9,35,44,15,6,4,12,21,0.519,0.494,0.325,0.205,20.0,67.3,45.4,41.7,6.7,9.1,11.7,104.9,120.5,108,37,92,0.402,15,48,0.313,19,22,0.864,17,36,53,24,6,5,6,14,0.531,0.484,0.522,0.239,32.7,80.0,54.6,64.9,6.7,8.9,5.6,120.5,104.9
2021-01-24 22:00:00,NYK,POR,0,0,113,39,86,0.453,12,29,0.414,23,25,0.92,13,34,47,20,9,0,12,20,0.582,0.523,0.337,0.291,30.2,79.1,54.7,51.3,9.7,0.0,11.0,121.4,124.6,116,39,83,0.47,17,46,0.37,21,23,0.913,9,30,39,19,5,8,11,16,0.623,0.572,0.554,0.277,20.9,69.8,45.3,48.7,5.4,14.0,10.6,124.6,121.4
2021-01-22 22:00:00,NYK,SAC,0,0,94,36,94,0.383,5,22,0.227,17,25,0.68,16,41,57,19,2,6,12,21,0.448,0.41,0.234,0.266,27.1,77.4,50.9,52.8,2.1,10.5,10.3,98.1,107.4,103,38,91,0.418,12,34,0.353,15,21,0.714,12,43,55,21,6,14,6,25,0.514,0.484,0.374,0.231,22.6,72.9,49.1,55.3,6.3,19.4,5.6,107.4,98.1
2021-01-21 22:00:00,NYK,GSW,0,1,119,38,82,0.463,11,24,0.458,32,41,0.78,11,44,55,24,5,9,11,29,0.595,0.53,0.293,0.5,22.9,83.0,54.5,63.2,5.0,18.8,9.9,118.7,103.7,104,33,86,0.384,9,38,0.237,29,39,0.744,9,37,46,27,5,3,10,26,0.504,0.436,0.442,0.453,17.0,77.1,45.5,81.8,5.0,5.2,8.8,103.7,118.7
2021-01-18 12:00:00,NYK,ORL,1,1,91,31,87,0.356,5,27,0.185,24,34,0.706,13,40,53,15,6,4,8,16,0.446,0.385,0.31,0.391,24.1,80.0,51.0,48.4,6.4,8.3,7.3,97.7,90.1,84,29,86,0.337,12,38,0.316,14,16,0.875,10,41,51,18,4,9,12,24,0.451,0.407,0.442,0.186,20.0,75.9,49.0,62.1,4.3,15.0,11.4,90.1,97.7
2021-01-17 13:00:00,NYK,BOS,0,1,105,38,80,0.475,12,31,0.387,17,21,0.81,10,43,53,22,11,7,17,28,0.588,0.55,0.388,0.263,25.6,75.4,55.2,57.9,11.5,18.4,16.0,109.4,78.1,75,25,84,0.298,7,46,0.152,18,29,0.621,14,29,43,15,10,2,18,22,0.388,0.339,0.548,0.345,24.6,74.4,44.8,60.0,10.4,4.1,15.7,78.1,109.4
2021-01-15 19:30:00,NYK,CLE,0,0,103,40,82,0.488,9,25,0.36,14,16,0.875,7,32,39,20,9,10,13,21,0.578,0.543,0.305,0.195,17.1,69.6,44.8,50.0,9.6,19.2,12.7,109.4,112.6,106,36,79,0.456,9,27,0.333,25,34,0.735,14,34,48,26,9,6,16,18,0.564,0.513,0.342,0.43,30.4,82.9,55.2,72.2,9.6,10.5,14.6,112.6,109.4
2021-01-13 19:30:00,NYK,BKN,1,0,109,44,92,0.478,11,28,0.393,10,12,0.833,12,31,43,22,4,3,9,16,0.56,0.538,0.304,0.13,26.1,72.1,48.3,50.0,4.4,5.9,8.5,119.7,127.4,116,44,91,0.484,16,40,0.4,12,17,0.706,12,34,46,29,3,5,6,12,0.589,0.571,0.44,0.187,27.9,73.9,51.7,65.9,3.3,7.8,5.7,127.4,119.7
2021-01-11 19:00:00,NYK,CHA,0,0,88,34,87,0.391,9,37,0.243,11,17,0.647,17,32,49,20,6,6,17,23,0.466,0.443,0.425,0.195,34.7,86.5,57.0,58.8,6.6,13.0,15.2,96.4,119.4,109,38,78,0.487,13,32,0.406,20,23,0.87,5,32,37,28,8,8,10,13,0.618,0.571,0.41,0.295,13.5,65.3,43.0,73.7,8.8,16.0,10.2,119.4,96.4
2021-01-10 18:00:00,NYK,DEN,1,0,89,32,74,0.432,6,21,0.286,19,25,0.76,8,28,36,19,4,1,16,15,0.524,0.473,0.284,0.338,18.6,77.8,45.6,59.4,4.4,2.0,15.8,97.2,124.5,114,45,84,0.536,15,35,0.429,9,12,0.75,8,35,43,23,11,4,12,25,0.638,0.625,0.417,0.143,22.2,81.4,54.4,51.1,12.0,7.5,11.8,124.5,97.2
2021-01-08 19:30:00,NYK,OKC,1,0,89,34,96,0.354,9,27,0.333,12,20,0.6,11,38,49,19,8,7,5,19,0.425,0.401,0.281,0.208,17.7,77.6,44.1,55.9,8.3,13.2,4.6,92.8,105.3,101,38,87,0.437,11,34,0.324,14,21,0.667,11,51,62,16,2,7,11,19,0.525,0.5,0.391,0.241,22.4,82.3,55.9,42.1,2.1,10.1,10.3,105.3,92.8
2021-01-06 19:30:00,NYK,UTA,1,1,112,45,87,0.517,8,22,0.364,14,19,0.737,11,37,48,22,10,5,13,17,0.587,0.563,0.253,0.218,25.6,78.7,53.3,48.9,10.3,10.6,12.0,114.9,102.6,100,40,91,0.44,14,44,0.318,6,11,0.545,10,32,42,20,5,9,15,15,0.522,0.516,0.484,0.121,21.3,74.4,46.7,50.0,5.1,13.8,13.5,102.6,114.9
2021-01-04 19:30:00,NYK,ATL,0,1,113,43,85,0.506,7,21,0.333,20,25,0.8,11,34,45,26,9,6,16,21,0.589,0.547,0.247,0.294,26.8,77.3,52.9,60.5,9.2,10.7,14.3,114.9,109.8,108,40,87,0.46,10,31,0.323,18,23,0.783,10,30,40,24,4,2,13,21,0.556,0.517,0.356,0.264,22.7,73.2,47.1,60.0,4.1,3.1,11.8,109.8,114.9
2021-01-02 19:00:00,NYK,IND,0,1,106,42,83,0.506,12,27,0.444,10,13,0.769,10,41,51,23,4,3,16,16,0.597,0.578,0.325,0.157,27.0,89.1,61.4,54.8,4.3,8.8,15.3,113.5,109.2,102,34,84,0.405,19,50,0.38,15,18,0.833,5,27,32,22,6,4,9,21,0.555,0.518,0.595,0.214,10.9,73.0,38.6,64.7,6.4,7.1,8.9,109.2,113.5
2020-12-31 19:30:00,NYK,TOR,0,0,83,32,88,0.364,3,36,0.083,16,20,0.8,9,39,48,21,6,3,16,21,0.429,0.381,0.409,0.227,17.0,81.3,47.5,65.6,6.0,9.7,14.2,82.4,99.3,100,34,83,0.41,17,52,0.327,15,21,0.714,9,44,53,21,7,6,18,22,0.542,0.512,0.627,0.253,18.8,83.0,52.5,61.8,7.0,11.5,16.3,99.3,82.4
2020-12-29 19:00:00,NYK,CLE,0,1,95,34,79,0.43,14,25,0.56,13,21,0.619,14,41,55,23,9,6,27,21,0.538,0.519,0.316,0.266,32.6,74.5,56.1,67.6,9.3,10.7,23.4,98.3,89.0,86,32,88,0.364,7,32,0.219,15,22,0.682,14,29,43,22,13,10,13,17,0.44,0.403,0.364,0.25,25.5,67.4,43.9,68.8,13.5,18.5,11.7,89.0,98.3
2020-12-27 19:30:00,NYK,MIL,1,1,130,46,85,0.541,16,27,0.593,22,27,0.815,8,38,46,27,5,4,16,23,0.671,0.635,0.318,0.318,22.9,69.1,51.1,58.7,5.0,7.0,14.2,128.7,108.9,110,41,95,0.432,7,38,0.184,21,29,0.724,17,27,44,24,7,5,11,21,0.51,0.468,0.4,0.305,30.9,77.1,48.9,58.5,6.9,8.6,9.3,108.9,128.7
2020-12-26 19:30:00,NYK,PHI,1,0,89,32,83,0.386,8,29,0.276,17,23,0.739,13,30,43,19,6,4,16,23,0.478,0.434,0.349,0.277,27.1,71.4,47.8,59.4,6.4,7.0,14.7,94.8,116.0,109,41,88,0.466,11,31,0.355,16,22,0.727,12,35,47,20,9,6,12,19,0.558,0.528,0.352,0.25,28.6,72.9,52.2,48.8,9.6,11.1,10.9,116.0,94.8
2020-12-23 19:00:00,NYK,IND,0,0,107,39,85,0.459,12,28,0.429,17,23,0.739,5,35,40,25,8,8,16,27,0.562,0.529,0.329,0.271,11.1,77.8,44.4,64.1,7.6,13.3,14.4,101.0,114.2,121,46,94,0.489,8,34,0.235,21,29,0.724,10,40,50,28,6,9,13,24,0.567,0.532,0.362,0.309,22.2,88.9,55.6,60.9,5.7,15.8,10.9,114.2,101.0
2020-03-11 19:30:00,NYK,ATL,0,1,136,50,94,0.532,11,28,0.393,25,34,0.735,6,41,47,32,14,9,12,23,0.624,0.59,0.298,0.362,13.6,73.2,47.0,64.0,12.2,13.8,9.9,118.3,113.9,131,48,106,0.453,14,41,0.341,21,26,0.808,15,38,53,26,6,3,17,25,0.558,0.519,0.387,0.245,26.8,86.4,53.0,54.2,5.2,4.5,12.6,113.9,118.3
2020-03-10 19:00:00,NYK,WAS,0,0,115,42,81,0.519,8,21,0.381,23,31,0.742,8,28,36,30,10,3,19,29,0.608,0.568,0.259,0.383,22.2,75.7,49.3,71.4,9.8,7.7,16.7,112.8,119.6,122,35,74,0.473,14,35,0.4,38,45,0.844,9,28,37,23,8,4,19,25,0.65,0.568,0.473,0.608,24.3,77.8,50.7,65.7,7.8,6.7,16.8,119.6,112.8
2020-03-08 19:30:00,NYK,DET,1,1,96,36,82,0.439,6,19,0.316,18,25,0.72,13,38,51,15,10,5,12,16,0.516,0.476,0.232,0.305,30.2,88.4,59.3,41.7,10.8,11.9,11.4,104.0,91.0,84,29,80,0.363,11,38,0.289,15,22,0.682,5,30,35,21,8,2,13,19,0.468,0.431,0.475,0.275,11.6,69.8,40.7,72.4,8.7,3.2,12.7,91.0,104.0
2020-03-06 19:30:00,NYK,OKC,1,0,103,41,91,0.451,4,24,0.167,17,22,0.773,13,35,48,19,4,8,12,20,0.512,0.473,0.264,0.242,31.7,77.8,55.8,46.3,4.1,12.3,10.6,106.6,130.4,126,47,96,0.49,12,31,0.387,20,25,0.8,10,28,38,26,8,6,4,18,0.589,0.552,0.323,0.26,22.2,68.3,44.2,55.3,8.3,9.0,3.6,130.4,106.6
2020-03-04 19:30:00,NYK,UTA,1,0,104,41,85,0.482,7,20,0.35,15,18,0.833,11,31,42,23,3,1,13,18,0.56,0.524,0.235,0.212,26.2,83.8,53.2,56.1,3.1,2.2,12.3,108.9,117.3,112,41,81,0.506,10,36,0.278,20,25,0.8,6,31,37,26,5,5,14,20,0.609,0.568,0.444,0.309,16.2,73.8,46.8,63.4,5.2,7.7,13.2,117.3,108.9
2020-03-02 19:00:00,NYK,HOU,1,1,125,47,97,0.485,12,30,0.4,19,30,0.633,20,45,65,26,6,7,19,19,0.567,0.546,0.309,0.309,43.5,84.9,65.7,55.3,5.6,18.4,14.7,117.6,115.7,123,39,94,0.415,20,56,0.357,25,27,0.926,8,26,34,25,11,5,12,20,0.581,0.521,0.596,0.287,15.1,56.5,34.3,64.1,10.3,7.5,10.2,115.7,117.6
2020-02-29 17:00:00,NYK,CHI,1,1,125,47,85,0.553,8,20,0.4,23,33,0.697,17,33,50,29,6,4,17,19,0.628,0.6,0.235,0.388,45.9,71.7,60.2,61.7,6.4,7.4,14.6,132.8,122.2,115,41,89,0.461,17,35,0.486,16,23,0.696,13,20,33,26,12,3,8,22,0.58,0.556,0.393,0.258,28.3,54.1,39.8,63.4,12.8,4.6,7.5,122.2,132.8
2020-02-27 19:00:00,NYK,PHI,0,0,106,42,83,0.506,8,23,0.348,14,24,0.583,9,30,39,28,2,3,8,11,0.566,0.554,0.277,0.289,21.4,73.2,47.0,66.7,2.2,5.0,7.9,117.7,127.6,115,45,91,0.495,15,31,0.484,10,13,0.769,11,33,44,32,5,7,6,17,0.594,0.577,0.341,0.143,26.8,78.6,53.0,71.1,5.5,11.7,5.8,127.6,117.7
2020-02-26 19:00:00,NYK,CHA,0,0,101,43,85,0.506,4,15,0.267,11,17,0.647,13,29,42,22,5,6,15,24,0.546,0.529,0.176,0.2,32.5,74.4,53.2,51.2,5.3,11.3,14.0,108.0,114.4,107,39,83,0.47,10,30,0.333,19,25,0.76,10,27,37,25,7,4,14,19,0.569,0.53,0.361,0.301,25.6,67.5,46.8,64.1,7.5,5.7,13.0,114.4,108.0
2020-02-24 20:00:00,NYK,HOU,0,0,112,40,91,0.44,11,29,0.379,21,30,0.7,16,38,54,20,12,8,17,21,0.537,0.5,0.319,0.33,32.7,88.4,58.7,50.0,11.5,21.1,14.0,107.6,118.1,123,43,86,0.5,16,48,0.333,21,31,0.677,5,33,38,20,11,7,13,22,0.617,0.593,0.558,0.36,11.6,67.3,41.3,46.5,10.6,11.3,11.5,118.1,107.6
2020-02-21 19:30:00,NYK,IND,1,0,98,35,81,0.432,11,25,0.44,17,25,0.68,5,35,40,21,7,7,15,26,0.533,0.5,0.309,0.309,11.6,74.5,44.4,60.0,7.1,11.7,14.0,98.9,106.9,106,36,88,0.409,8,28,0.286,26,33,0.788,12,38,50,20,7,5,11,22,0.517,0.455,0.318,0.375,25.5,88.4,55.6,55.6,7.1,8.9,9.7,106.9,98.9
2020-02-12 19:30:00,NYK,WAS,1,0,96,36,88,0.409,3,23,0.13,21,29,0.724,14,38,52,19,10,3,22,27,0.476,0.426,0.261,0.33,29.2,86.4,56.5,52.8,9.5,5.4,17.9,91.4,108.5,114,40,84,0.476,10,28,0.357,24,33,0.727,6,34,40,25,13,7,14,21,0.579,0.536,0.333,0.393,13.6,70.8,43.5,62.5,12.4,10.8,12.4,108.5,91.4
2020-02-09 18:00:00,NYK,ATL,0,0,135,52,110,0.473,13,34,0.382,18,25,0.72,15,41,56,30,12,6,18,29,0.558,0.532,0.309,0.227,27.8,78.8,52.8,57.7,9.9,8.8,12.9,111.2,115.3,140,49,108,0.454,14,40,0.35,28,31,0.903,11,39,50,29,9,8,15,24,0.575,0.519,0.37,0.287,21.2,72.2,47.2,59.2,7.4,10.5,11.0,115.3,111.2
2020-02-08 19:00:00,NYK,DET,0,1,95,38,85,0.447,8,22,0.364,11,17,0.647,16,31,47,24,5,6,15,21,0.514,0.494,0.259,0.2,39.0,91.2,62.7,63.2,5.7,15.0,14.0,108.4,105.0,92,34,69,0.493,13,29,0.448,11,16,0.688,3,25,28,21,5,7,16,19,0.605,0.587,0.42,0.232,8.8,61.0,37.3,61.8,5.7,11.1,17.4,105.0,108.4
2020-02-06 19:30:00,NYK,ORL,1,1,105,43,92,0.467,6,20,0.3,13,19,0.684,10,29,39,27,12,5,14,23,0.523,0.5,0.217,0.207,23.8,80.6,50.0,62.8,12.0,11.4,12.2,104.7,102.7,103,34,75,0.453,9,31,0.29,26,30,0.867,7,32,39,22,8,9,21,20,0.584,0.513,0.413,0.4,19.4,76.2,50.0,64.7,8.0,12.5,19.2,102.7,104.7
2020-02-03 19:00:00,NYK,CLE,0,1,139,57,102,0.559,10,26,0.385,15,21,0.714,12,34,46,33,11,1,12,18,0.625,0.608,0.255,0.206,29.3,87.2,57.5,57.9,10.1,1.8,9.7,128.1,123.5,134,52,92,0.565,18,35,0.514,12,18,0.667,5,29,34,34,6,3,15,18,0.671,0.663,0.38,0.196,12.8,70.7,42.5,65.4,5.5,3.9,13.1,123.5,128.1
2020-02-01 19:00:00,NYK,IND,0,1,92,34,82,0.415,7,26,0.269,17,23,0.739,14,43,57,19,5,1,13,20,0.499,0.457,0.317,0.28,31.8,91.5,62.6,55.9,5.6,1.9,12.4,102.6,94.8,85,32,76,0.421,8,24,0.333,13,21,0.619,4,30,34,21,4,1,11,20,0.499,0.474,0.316,0.276,8.5,68.2,37.4,65.6,4.5,1.8,11.4,94.8,102.6
2020-01-29 19:30:00,NYK,MEM,1,0,106,39,91,0.429,9,28,0.321,19,29,0.655,11,35,46,26,9,6,18,22,0.511,0.478,0.308,0.319,22.9,83.3,51.1,66.7,8.5,10.3,14.8,100.3,120.2,127,43,86,0.5,13,28,0.464,28,33,0.848,7,37,44,25,7,3,12,22,0.632,0.576,0.326,0.384,16.7,77.1,48.9,58.1,6.6,4.8,10.7,120.2,100.3
2020-01-28 19:00:00,NYK,CHA,0,0,92,38,86,0.442,9,32,0.281,7,11,0.636,8,34,42,17,5,7,14,26,0.506,0.494,0.372,0.128,18.6,68.0,45.2,44.7,5.3,12.5,13.4,97.3,102.6,97,34,88,0.386,8,32,0.25,21,27,0.778,16,35,51,22,5,4,14,14,0.486,0.432,0.364,0.307,32.0,81.4,54.8,64.7,5.3,7.4,12.3,102.6,97.3
2020-01-26 18:00:00,NYK,BKN,1,1,110,49,92,0.533,6,19,0.316,6,13,0.462,14,34,48,19,7,8,15,23,0.563,0.565,0.207,0.141,34.1,82.9,58.5,38.8,7.2,19.0,13.3,113.3,99.9,97,34,81,0.42,13,39,0.333,16,23,0.696,7,27,34,21,6,4,16,14,0.532,0.5,0.481,0.284,17.1,65.9,41.5,61.8,6.2,5.5,14.9,99.9,113.3
2020-01-24 19:30:00,NYK,TOR,1,0,112,42,85,0.494,13,36,0.361,15,21,0.714,14,32,46,26,5,4,16,21,0.594,0.571,0.424,0.247,35.0,86.5,59.7,61.9,5.4,8.7,14.5,121.3,127.8,118,41,81,0.506,17,35,0.486,19,23,0.826,5,26,31,25,10,6,7,20,0.647,0.611,0.432,0.284,13.5,65.0,40.3,61.0,10.8,12.2,7.1,127.8,121.3
2020-01-22 19:30:00,NYK,LAL,1,0,92,36,88,0.409,11,34,0.324,9,13,0.692,13,34,47,24,4,4,17,23,0.491,0.472,0.386,0.148,28.9,75.6,52.2,66.7,4.3,7.3,15.4,99.3,107.9,100,36,82,0.439,9,27,0.333,19,28,0.679,11,32,43,18,13,8,10,14,0.53,0.494,0.329,0.341,24.4,71.1,47.8,50.0,14.0,14.8,9.6,107.9,99.3
2020-01-20 17:00:00,NYK,CLE,0,1,106,41,85,0.482,9,23,0.391,15,17,0.882,7,42,49,17,6,9,10,17,0.573,0.535,0.271,0.2,15.9,72.4,48.0,41.5,6.4,14.8,9.8,113.5,92.1,86,32,94,0.34,11,33,0.333,11,17,0.647,16,37,53,15,5,4,10,14,0.424,0.399,0.351,0.181,27.6,84.1,52.0,46.9,5.4,6.5,9.0,92.1,113.5
2020-01-18 19:30:00,NYK,PHI,1,0,87,35,88,0.398,6,25,0.24,11,18,0.611,12,36,48,20,4,5,14,18,0.454,0.432,0.284,0.205,25.0,87.8,53.9,57.1,4.2,10.9,12.7,92.1,95.3,90,34,78,0.436,10,32,0.313,12,19,0.632,5,36,41,26,8,6,14,19,0.521,0.5,0.41,0.244,12.2,75.0,46.1,76.5,8.5,9.5,13.9,95.3,92.1
2020-01-16 19:30:00,NYK,PHX,1,0,98,37,90,0.411,8,26,0.308,16,24,0.667,10,30,40,21,12,3,18,21,0.487,0.456,0.289,0.267,20.4,68.2,43.0,56.8,11.5,4.8,15.2,93.8,115.8,121,47,92,0.511,12,30,0.4,15,18,0.833,14,39,53,31,11,4,19,22,0.605,0.576,0.326,0.196,31.8,79.6,57.0,66.0,10.5,6.3,16.0,115.8,93.8
2020-01-14 20:00:00,NYK,MIL,0,0,102,36,102,0.353,11,37,0.297,19,26,0.731,12,37,49,26,7,3,11,21,0.45,0.407,0.363,0.255,19.0,82.2,45.4,72.2,6.4,5.4,8.8,93.5,117.3,128,45,92,0.489,15,36,0.417,23,28,0.821,8,51,59,27,4,8,14,22,0.613,0.571,0.391,0.304,17.8,81.0,54.6,60.0,3.7,12.3,11.8,117.3,93.5
2020-01-12 15:30:00,NYK,MIA,1,1,124,46,90,0.511,9,31,0.29,23,28,0.821,10,29,39,24,11,3,6,23,0.606,0.561,0.344,0.311,24.4,78.4,50.0,52.2,11.5,7.0,5.5,129.4,126.3,121,42,78,0.538,14,35,0.4,23,28,0.821,8,31,39,24,1,5,15,24,0.67,0.628,0.449,0.359,21.6,75.6,50.0,57.1,1.0,8.5,14.2,126.3,129.4
2020-01-10 19:15:00,NYK,NOP,1,0,111,46,100,0.46,5,27,0.185,14,20,0.7,14,32,46,26,13,1,13,16,0.51,0.485,0.27,0.2,27.5,84.2,51.7,56.5,12.3,2.1,10.7,105.0,116.3,123,48,86,0.558,18,38,0.474,9,17,0.529,6,37,43,35,8,6,20,16,0.658,0.663,0.442,0.198,15.8,72.5,48.3,72.9,7.6,8.2,17.6,116.3,105.0
2020-01-08 21:00:00,NYK,UTA,0,0,104,42,97,0.433,9,25,0.36,11,11,1.0,14,27,41,18,3,1,9,17,0.511,0.479,0.258,0.113,26.9,69.2,45.1,42.9,3.2,2.1,8.1,111.1,136.7,128,49,90,0.544,16,43,0.372,14,23,0.609,12,38,50,29,6,6,7,15,0.639,0.633,0.478,0.256,30.8,73.1,54.9,59.2,6.4,8.3,6.5,136.7,111.1
2020-01-07 22:30:00,NYK,LAL,0,0,87,37,95,0.389,4,20,0.2,9,16,0.563,15,32,47,15,10,3,16,20,0.426,0.411,0.211,0.168,26.3,84.2,49.5,40.5,9.8,6.5,13.6,85.5,115.0,117,41,82,0.5,17,36,0.472,18,21,0.857,6,42,48,27,11,11,19,19,0.641,0.604,0.439,0.256,15.8,73.7,50.5,65.9,10.8,14.7,17.2,115.0,85.5
2020-01-05 15:30:00,NYK,LAC,0,0,132,48,84,0.571,12,23,0.522,24,37,0.649,8,29,37,22,11,4,16,26,0.658,0.643,0.274,0.44,20.0,74.4,46.8,45.8,10.4,7.8,13.8,124.6,127.4,135,45,83,0.542,18,32,0.563,27,33,0.818,10,32,42,25,4,3,19,27,0.692,0.651,0.386,0.398,25.6,80.0,53.2,55.6,3.8,4.9,16.3,127.4,124.6
2020-01-03 21:00:00,NYK,PHX,0,0,112,41,92,0.446,10,37,0.27,20,30,0.667,13,39,52,19,7,7,15,26,0.532,0.5,0.402,0.326,25.0,81.3,52.0,46.3,6.7,11.3,12.5,107.2,114.9,120,42,90,0.467,10,28,0.357,26,33,0.788,9,39,48,28,7,3,10,25,0.574,0.522,0.311,0.367,18.8,75.0,48.0,66.7,6.7,5.5,8.7,114.9,107.2
2020-01-01 19:30:00,NYK,POR,1,1,117,47,98,0.48,14,36,0.389,9,14,0.643,9,46,55,29,3,6,7,14,0.562,0.551,0.367,0.143,19.6,82.1,53.9,61.7,3.0,9.7,6.3,118.2,93.9,93,37,94,0.394,10,32,0.313,9,15,0.6,10,37,47,17,4,5,9,11,0.462,0.447,0.34,0.16,17.9,80.4,46.1,45.9,4.0,8.1,8.2,93.9,118.2
2019-12-28 20:00:00,NYK,WAS,0,1,107,38,85,0.447,11,31,0.355,20,26,0.769,11,45,56,25,5,5,22,25,0.555,0.512,0.365,0.306,23.9,76.3,53.3,65.8,4.8,7.0,18.6,102.0,95.3,100,33,96,0.344,10,25,0.4,24,31,0.774,14,35,49,16,15,3,12,22,0.456,0.396,0.26,0.323,23.7,76.1,46.7,48.5,14.3,5.6,9.9,95.3,102.0
2019-12-26 19:30:00,NYK,BKN,0,1,94,37,92,0.402,9,29,0.31,11,15,0.733,13,47,60,16,6,2,14,27,0.477,0.451,0.315,0.163,24.1,83.9,54.5,43.2,6.2,7.1,12.4,97.2,84.8,82,21,78,0.269,13,50,0.26,27,36,0.75,9,41,50,17,3,3,13,19,0.437,0.353,0.641,0.462,16.1,75.9,45.5,81.0,3.1,4.8,12.2,84.8,97.2
2019-12-23 19:00:00,NYK,WAS,1,0,115,44,93,0.473,15,36,0.417,12,15,0.8,11,33,44,29,4,10,14,25,0.577,0.554,0.387,0.161,25.6,67.3,47.8,65.9,4.0,14.3,12.3,113.8,119.8,121,47,100,0.47,10,30,0.333,17,30,0.567,16,32,48,27,12,7,9,12,0.534,0.52,0.3,0.3,32.7,74.4,52.2,57.4,11.9,12.3,7.4,119.8,113.8
2019-12-21 19:30:00,NYK,MIL,1,0,102,39,97,0.402,9,30,0.3,15,21,0.714,9,38,47,23,10,6,15,27,0.48,0.448,0.309,0.216,17.0,82.6,47.5,59.0,9.1,14.3,12.4,92.9,112.0,123,41,85,0.482,18,43,0.419,23,35,0.657,8,44,52,26,9,14,19,16,0.613,0.588,0.506,0.412,17.4,83.0,52.5,63.4,8.2,20.9,15.9,112.0,92.9
2019-12-20 20:00:00,NYK,MIA,0,0,114,41,94,0.436,10,34,0.294,22,33,0.667,13,28,41,23,11,2,8,25,0.525,0.489,0.362,0.351,23.6,75.7,44.6,56.1,10.9,5.1,6.9,113.1,128.0,129,43,77,0.558,18,38,0.474,25,34,0.735,9,42,51,34,6,3,18,22,0.701,0.675,0.494,0.442,24.3,76.4,55.4,79.1,6.0,5.0,16.4,128.0,113.1
2019-12-17 19:30:00,NYK,ATL,1,1,143,53,95,0.558,13,28,0.464,24,31,0.774,13,42,55,30,7,6,12,21,0.658,0.626,0.295,0.326,32.5,82.4,60.4,56.6,6.6,10.7,9.9,134.5,112.9,120,45,99,0.455,15,43,0.349,15,20,0.75,9,27,36,20,7,3,11,21,0.557,0.53,0.434,0.202,17.6,67.5,39.6,44.4,6.6,4.5,9.3,112.9,134.5
2019-12-15 20:00:00,NYK,DEN,0,0,105,44,94,0.468,8,32,0.25,9,10,0.9,14,33,47,20,9,2,11,19,0.534,0.511,0.34,0.106,31.1,66.0,49.5,45.5,9.7,3.0,10.1,113.7,120.2,111,44,94,0.468,10,28,0.357,13,19,0.684,17,31,48,27,5,6,9,9,0.542,0.521,0.298,0.202,34.0,68.9,50.5,61.4,5.4,9.7,8.1,120.2,113.7
2019-12-13 22:00:00,NYK,SAC,0,1,103,44,95,0.463,9,30,0.3,6,10,0.6,14,34,48,24,7,3,9,18,0.518,0.511,0.316,0.105,29.8,81.0,53.9,54.5,7.7,6.8,8.3,112.6,110.4,101,39,83,0.47,17,39,0.436,6,8,0.75,8,33,41,19,0,3,14,18,0.584,0.572,0.47,0.096,19.0,70.2,46.1,48.7,0.0,4.6,13.9,110.4,112.6
2019-12-11 22:30:00,NYK,GSW,0,1,124,43,90,0.478,12,29,0.414,26,34,0.765,12,46,58,25,5,7,19,24,0.591,0.544,0.322,0.378,27.3,76.7,55.8,58.1,4.6,10.4,15.3,113.7,111.8,122,45,104,0.433,10,37,0.27,22,30,0.733,14,32,46,27,10,6,8,25,0.52,0.481,0.356,0.288,23.3,72.7,44.2,60.0,9.2,9.8,6.4,111.8,113.7
2019-12-10 22:00:00,NYK,POR,0,0,87,32,91,0.352,7,38,0.184,16,26,0.615,11,36,47,16,5,3,11,18,0.425,0.39,0.418,0.286,19.0,76.6,44.8,50.0,5.0,6.1,9.7,87.3,115.4,115,39,90,0.433,17,41,0.415,20,24,0.833,11,47,58,20,6,7,12,21,0.572,0.528,0.456,0.267,23.4,81.0,55.2,51.3,6.0,13.2,10.7,115.4,87.3
2019-12-07 19:30:00,NYK,IND,1,0,103,39,96,0.406,10,31,0.323,15,21,0.714,15,37,52,24,11,6,11,14,0.489,0.458,0.323,0.219,28.8,88.1,55.3,61.5,11.0,10.5,9.5,103.3,104.3,104,41,85,0.482,12,28,0.429,10,13,0.769,5,37,42,26,7,9,17,17,0.573,0.553,0.329,0.153,11.9,71.2,44.7,63.4,7.0,13.8,15.8,104.3,103.3
2019-12-05 19:30:00,NYK,DEN,1,0,92,34,83,0.41,9,34,0.265,15,23,0.652,5,28,33,23,9,7,14,16,0.494,0.464,0.41,0.277,11.4,75.7,40.7,67.6,9.1,14.6,13.1,92.7,129.9,129,49,87,0.563,21,39,0.538,10,18,0.556,9,39,48,38,8,5,14,19,0.68,0.684,0.448,0.207,24.3,88.6,59.3,77.6,8.1,10.2,12.9,129.9,92.7
2019-12-02 20:00:00,NYK,MIL,0,0,88,28,91,0.308,10,39,0.256,22,33,0.667,14,28,42,13,4,7,10,21,0.417,0.363,0.429,0.363,23.0,73.7,42.4,46.4,4.0,13.7,8.7,87.6,131.5,132,48,86,0.558,16,35,0.457,20,32,0.625,10,47,57,30,7,4,14,23,0.659,0.651,0.407,0.372,26.3,77.0,57.6,62.5,7.0,7.7,12.3,131.5,87.6
2019-12-01 15:30:00,NYK,BOS,1,0,104,35,76,0.461,8,26,0.308,26,37,0.703,8,31,39,15,7,6,16,25,0.564,0.513,0.342,0.487,22.2,66.0,47.0,42.9,7.2,11.5,14.8,107.3,116.5,113,41,93,0.441,15,41,0.366,16,22,0.727,16,28,44,25,5,7,14,28,0.55,0.522,0.441,0.237,34.0,77.8,53.0,61.0,5.2,14.0,12.0,116.5,107.3
2019-11-29 19:30:00,NYK,PHI,1,0,95,34,78,0.436,8,20,0.4,19,33,0.576,9,28,37,14,5,4,14,33,0.513,0.487,0.256,0.423,19.1,77.8,44.6,41.2,5.3,8.7,13.1,99.8,106.1,101,31,72,0.431,7,26,0.269,32,40,0.8,8,38,46,22,5,10,16,23,0.564,0.479,0.361,0.556,22.2,80.9,55.4,71.0,5.3,17.2,15.2,106.1,99.8
2019-11-27 19:30:00,NYK,TOR,0,0,98,33,88,0.375,12,41,0.293,20,24,0.833,15,30,45,19,6,4,18,17,0.497,0.443,0.466,0.273,30.0,63.8,46.4,57.6,6.2,7.5,15.4,102.0,131.1,126,46,94,0.489,21,41,0.512,13,17,0.765,17,35,52,26,6,4,12,18,0.621,0.601,0.436,0.181,36.2,70.0,53.6,56.5,6.2,8.5,10.6,131.1,102.0
2019-11-24 18:00:00,NYK,BKN,1,0,101,37,80,0.463,18,35,0.514,9,16,0.563,9,34,43,22,6,4,19,29,0.58,0.575,0.438,0.2,24.3,82.9,55.1,59.5,6.4,10.3,17.9,107.2,109.3,103,31,77,0.403,14,38,0.368,27,34,0.794,7,28,35,18,6,1,12,16,0.56,0.494,0.494,0.442,17.1,75.7,44.9,58.1,6.4,2.2,11.5,109.3,107.2
2019-11-23 19:30:00,NYK,SAS,1,0,104,40,93,0.43,15,40,0.375,9,15,0.6,10,27,37,30,12,3,11,22,0.522,0.511,0.43,0.161,20.8,75.0,44.0,75.0,12.2,5.8,9.9,105.6,112.7,111,40,75,0.533,12,23,0.522,19,28,0.679,9,38,47,26,7,3,22,17,0.636,0.613,0.307,0.373,25.0,79.2,56.0,65.0,7.1,5.7,20.1,112.7,105.6
2019-11-20 19:00:00,NYK,PHI,0,0,104,40,84,0.476,13,25,0.52,11,15,0.733,7,35,42,17,8,6,14,25,0.574,0.554,0.298,0.179,17.1,77.8,48.8,42.5,8.3,10.5,13.4,107.5,112.7,109,39,89,0.438,13,32,0.406,18,26,0.692,10,34,44,30,5,5,10,14,0.543,0.511,0.36,0.292,22.2,82.9,51.2,76.9,5.2,8.5,9.1,112.7,107.5
2019-11-18 19:00:00,NYK,CLE,1,1,123,44,98,0.449,8,23,0.348,27,35,0.771,19,28,47,17,8,10,7,24,0.542,0.49,0.235,0.357,38.0,73.7,53.4,38.6,8.3,25.0,5.8,126.9,108.4,105,36,76,0.474,17,36,0.472,16,30,0.533,10,31,41,18,2,1,20,26,0.589,0.586,0.474,0.395,26.3,62.0,46.6,50.0,2.1,1.3,18.3,108.4,126.9
2019-11-16 19:30:00,NYK,CHA,1,0,102,39,86,0.453,6,20,0.3,18,23,0.783,13,35,48,22,5,1,11,21,0.531,0.488,0.233,0.267,30.2,74.5,53.3,56.4,5.5,2.6,10.3,112.3,113.4,103,36,87,0.414,17,48,0.354,14,19,0.737,12,30,42,22,5,3,10,18,0.54,0.511,0.552,0.218,25.5,69.8,46.7,61.1,5.5,4.5,9.5,113.4,112.3
2019-11-14 20:00:00,NYK,DAL,1,1,106,42,94,0.447,13,30,0.433,9,11,0.818,15,38,53,20,6,2,15,27,0.536,0.516,0.319,0.117,31.9,76.0,54.6,47.6,6.3,4.2,13.2,110.6,107.5,103,36,84,0.429,8,36,0.222,23,31,0.742,12,32,44,21,8,7,12,16,0.527,0.476,0.429,0.369,24.0,68.1,45.4,58.3,8.3,10.9,10.9,107.5,110.6
2019-11-12 20:00:00,NYK,CHI,0,0,102,36,88,0.409,10,32,0.313,20,31,0.645,13,25,38,27,12,1,18,28,0.502,0.466,0.364,0.352,26.0,73.5,45.2,75.0,11.7,2.1,15.0,99.0,116.5,120,41,81,0.506,14,33,0.424,24,31,0.774,9,37,46,22,9,2,20,25,0.634,0.593,0.407,0.383,26.5,74.0,54.8,53.7,8.7,3.6,17.4,116.5,99.0
2019-11-10 19:30:00,NYK,CLE,1,0,87,31,86,0.36,9,31,0.29,16,25,0.64,17,35,52,19,11,8,21,26,0.448,0.413,0.36,0.291,32.1,79.5,53.6,61.3,11.2,14.8,17.8,88.6,109.9,108,36,82,0.439,8,28,0.286,28,31,0.903,9,36,45,20,11,2,14,19,0.565,0.488,0.341,0.378,20.5,67.9,46.4,55.6,11.2,3.6,12.8,109.9,88.6
2019-11-08 20:30:00,NYK,DAL,0,1,106,37,89,0.416,14,28,0.5,18,31,0.581,14,42,56,19,9,3,12,20,0.516,0.494,0.315,0.348,25.9,85.7,54.4,51.4,9.0,6.5,10.5,105.6,101.7,102,37,90,0.411,14,44,0.318,14,17,0.824,7,40,47,18,4,6,13,21,0.523,0.489,0.489,0.189,14.3,74.1,45.6,48.6,4.0,9.8,11.8,101.7,105.6
2019-11-06 19:00:00,NYK,DET,0,0,102,39,80,0.488,11,25,0.44,13,21,0.619,5,25,30,24,9,4,14,20,0.571,0.556,0.313,0.263,12.5,75.8,41.1,61.5,9.3,8.2,13.6,105.5,126.1,122,44,79,0.557,15,30,0.5,19,24,0.792,8,35,43,37,7,1,17,17,0.681,0.652,0.38,0.304,24.2,87.5,58.9,84.1,7.2,1.8,16.0,126.1,105.5
2019-11-03 18:00:00,NYK,SAC,1,0,92,32,80,0.4,8,31,0.258,20,31,0.645,9,29,38,18,6,5,13,23,0.491,0.45,0.388,0.388,18.4,74.4,43.2,56.3,6.2,10.9,12.2,95.4,117.2,113,41,85,0.482,15,39,0.385,16,25,0.64,10,40,50,25,7,5,14,29,0.589,0.571,0.459,0.294,25.6,81.6,56.8,61.0,7.3,10.2,12.7,117.2,95.4
2019-11-01 19:30:00,NYK,BOS,0,0,102,37,93,0.398,14,38,0.368,14,21,0.667,16,35,51,22,9,4,13,23,0.499,0.473,0.409,0.226,28.1,92.1,53.7,59.5,9.3,10.0,11.3,105.3,107.4,104,33,74,0.446,11,34,0.324,27,29,0.931,3,41,44,21,7,4,14,16,0.599,0.52,0.459,0.392,7.9,71.9,46.3,63.6,7.2,7.3,13.9,107.4,105.3
2019-10-30 19:00:00,NYK,ORL,0,0,83,31,82,0.378,7,31,0.226,14,20,0.7,10,34,44,19,1,10,11,15,0.457,0.421,0.378,0.244,20.8,70.8,45.8,61.3,1.1,17.9,10.8,94.6,108.3,95,37,88,0.42,12,32,0.375,9,12,0.75,14,38,52,24,5,6,9,17,0.509,0.489,0.364,0.136,29.2,79.2,54.2,64.9,5.7,11.8,8.8,108.3,94.6
2019-10-28 19:00:00,NYK,CHI,1,1,105,38,91,0.418,9,29,0.31,20,32,0.625,25,38,63,19,3,6,17,19,0.5,0.467,0.319,0.352,45.5,82.6,62.4,50.0,3.2,12.0,13.9,110.9,103.5,98,36,85,0.424,9,35,0.257,17,21,0.81,8,30,38,19,6,5,10,22,0.52,0.476,0.412,0.247,17.4,54.5,37.6,52.8,6.3,8.1,9.6,103.5,110.9
2019-10-26 19:30:00,NYK,BOS,1,0,95,31,82,0.378,7,27,0.259,26,34,0.765,16,39,55,15,7,4,24,26,0.49,0.421,0.329,0.415,32.7,75.0,54.5,48.4,6.8,7.7,19.8,92.4,114.7,118,42,93,0.452,15,41,0.366,19,29,0.655,13,33,46,24,14,9,13,26,0.558,0.532,0.441,0.312,25.0,67.3,45.5,57.1,13.6,16.4,10.9,114.7,92.4
2019-10-25 19:30:00,NYK,BKN,0,0,109,38,81,0.469,17,25,0.68,16,28,0.571,9,30,39,17,14,4,26,31,0.584,0.574,0.309,0.346,20.5,73.2,45.9,44.7,13.0,9.8,21.8,101.6,105.3,113,37,78,0.474,16,37,0.432,23,34,0.676,11,35,46,21,11,2,26,26,0.608,0.577,0.474,0.436,26.8,79.5,54.1,56.8,10.3,3.6,21.9,105.3,101.6
2019-10-23 20:30:00,NYK,SAS,0,0,111,44,94,0.468,10,30,0.333,13,18,0.722,5,34,39,24,16,1,14,32,0.545,0.521,0.319,0.191,10.9,77.3,43.3,54.5,14.7,1.6,12.1,101.9,110.2,120,42,83,0.506,7,21,0.333,29,36,0.806,10,41,51,22,6,5,21,18,0.607,0.548,0.253,0.434,22.7,89.1,56.7,52.4,5.5,7.8,17.5,110.2,101.9
